recorded;radonShortTermAvg (pCi/L);humidity (%);temp (Â°F)
2018-09-19T17:06:32;0.0;39.0;75.0
2018-09-19T18:06:32;0.0;38.5;75.0
2018-09-19T19:06:32;0.0;39.5;75.0
2018-09-19T20:06:32;0.0;38.5;76.0
2018-09-19T22:05:11;0.0;38.0;83.0
2018-09-19T23:12:43;0.0;37.0;77.0
2018-09-20T00:12:43;0.0;37.5;76.0
2018-09-20T01:12:43;0.0;38.5;76.0
2018-09-20T02:12:43;0.0;40.5;76.0
2018-09-20T03:12:43;0.0;39.5;78.0
2018-09-20T04:12:43;0.0;38.5;78.0
2018-09-20T05:12:43;0.0;38.0;78.0
2018-09-20T06:12:43;0.0;38.0;78.0
2018-09-20T07:12:43;0.1;38.0;78.0
2018-09-20T08:12:43;0.1;38.0;78.0
2018-09-20T09:12:43;0.1;38.0;77.0
2018-09-20T10:12:43;0.2;38.0;77.0
2018-09-20T11:12:43;0.2;38.5;77.0
2018-09-20T12:12:43;0.2;38.5;77.0
2018-09-20T13:12:43;0.2;38.5;76.0
2018-09-20T14:12:43;0.2;40.5;74.0
2018-09-20T15:12:43;0.2;42.0;74.0
2018-09-20T16:12:43;0.2;42.0;73.0
2018-09-20T17:12:43;0.2;44.5;73.0
2018-09-20T18:12:43;0.2;42.0;73.0
2018-09-20T19:12:43;0.2;42.0;73.0
2018-09-20T20:12:43;0.2;43.0;73.0
2018-09-20T21:12:43;0.2;43.5;73.0
2018-09-20T22:12:43;0.2;43.0;73.0
2018-09-20T23:12:43;0.4;41.5;73.0
2018-09-21T00:12:43;0.4;41.5;74.0
2018-09-21T01:12:43;0.4;42.5;74.0
2018-09-21T02:12:43;0.4;41.0;74.0
2018-09-21T03:12:43;0.4;41.0;75.0
2018-09-21T04:12:43;0.4;40.5;75.0
2018-09-21T05:12:43;0.4;40.0;75.0
2018-09-21T06:12:43;0.3;40.0;75.0
2018-09-21T07:12:43;0.3;40.0;75.0
2018-09-21T08:12:43;0.2;40.0;75.0
2018-09-21T09:12:43;0.2;40.0;75.0
2018-09-21T10:12:43;0.2;40.0;75.0
2018-09-21T11:12:43;0.2;40.0;75.0
2018-09-21T12:12:43;0.3;40.0;74.0
2018-09-21T13:12:43;0.3;40.5;74.0
2018-09-21T14:12:43;0.3;40.0;74.0
2018-09-21T15:12:43;0.3;40.0;74.0
2018-09-21T16:12:43;0.3;39.5;74.0
2018-09-21T17:12:43;0.3;39.5;74.0
2018-09-21T18:12:43;0.3;39.5;74.0
2018-09-21T19:12:43;0.3;40.0;74.0
2018-09-21T20:12:43;0.3;39.5;74.0
2018-09-21T21:12:43;0.4;39.0;74.0
2018-09-21T22:12:43;0.4;38.5;75.0
2018-09-21T23:12:43;0.2;37.5;75.0
2018-09-22T00:12:43;0.2;37.0;76.0
2018-09-22T01:12:43;0.2;36.0;76.0
2018-09-22T02:12:43;0.2;38.5;76.0
2018-09-22T03:12:43;0.2;37.5;76.0
2018-09-22T04:12:43;0.2;37.5;77.0
2018-09-22T05:12:43;0.2;38.0;77.0
2018-09-22T06:12:43;0.2;38.0;77.0
2018-09-22T07:12:43;0.2;38.0;77.0
2018-09-22T08:12:43;0.2;38.0;76.0
2018-09-22T09:12:43;0.2;38.0;76.0
2018-09-22T10:12:43;0.2;38.0;76.0
2018-09-22T11:12:43;0.3;38.0;76.0
2018-09-22T12:12:43;0.3;38.0;75.0
2018-09-22T13:12:43;0.2;38.0;75.0
2018-09-22T14:12:43;0.3;38.0;74.0
2018-09-22T15:12:43;0.3;38.5;74.0
2018-09-22T16:12:43;0.3;38.5;74.0
2018-09-22T17:12:43;0.3;38.5;74.0
2018-09-22T18:12:43;0.4;38.5;74.0
2018-09-22T19:12:43;0.4;38.0;75.0
2018-09-22T20:12:43;0.4;38.0;76.0
2018-09-22T21:12:43;0.4;37.5;77.0
2018-09-22T22:12:43;0.4;37.0;78.0
2018-09-22T23:12:43;0.4;36.0;80.0
2018-09-23T00:12:43;0.4;35.0;81.0
2018-09-23T01:12:43;0.4;34.5;82.0
2018-09-23T02:12:43;0.4;33.5;81.0
2018-09-23T03:12:43;0.4;34.0;81.0
2018-09-23T04:12:43;0.4;34.0;81.0
2018-09-23T05:12:43;0.4;34.0;80.0
2018-09-23T06:12:43;0.4;34.0;80.0
2018-09-23T07:12:43;0.4;34.5;79.0
2018-09-23T08:12:43;0.3;35.0;78.0
2018-09-23T09:12:43;0.3;35.0;78.0
2018-09-23T10:12:43;0.3;35.5;78.0
2018-09-23T11:12:43;0.2;35.5;77.0
2018-09-23T12:12:43;0.3;35.5;77.0
2018-09-23T13:12:43;0.3;35.5;77.0
2018-09-23T14:12:43;0.4;36.0;76.0
2018-09-23T15:12:43;0.6;36.5;76.0
2018-09-23T16:12:43;0.6;36.5;76.0
2018-09-23T17:12:43;0.6;36.5;76.0
2018-09-23T18:12:43;0.6;37.0;76.0
2018-09-23T19:12:43;0.7;37.0;77.0
2018-09-23T20:12:43;0.7;37.0;78.0
2018-09-23T21:12:43;0.7;36.5;80.0
2018-09-23T22:12:43;0.8;35.5;81.0
2018-09-23T23:12:43;0.9;33.5;82.0
2018-09-24T00:12:43;1.0;32.5;83.0
2018-09-24T01:12:43;1.1;31.0;83.0
2018-09-24T02:12:43;1.2;30.5;84.0
2018-09-24T03:12:43;1.3;30.0;83.0
2018-09-24T04:12:43;1.4;30.0;83.0
2018-09-24T05:12:43;1.4;30.0;83.0
2018-09-24T06:12:43;1.5;30.0;82.0
2018-09-24T07:12:43;1.5;30.0;82.0
2018-09-24T08:12:43;1.5;30.0;81.0
2018-09-24T09:12:43;1.5;30.0;81.0
2018-09-24T10:12:43;1.5;30.0;80.0
2018-09-24T11:12:43;1.6;30.0;80.0
2018-09-24T12:12:43;1.5;30.0;79.0
2018-09-24T13:12:43;1.6;30.0;75.0
2018-09-24T14:12:43;1.4;32.0;74.0
2018-09-24T15:12:43;1.2;31.5;73.0
2018-09-24T16:12:43;1.2;32.5;73.0
2018-09-24T17:12:43;1.2;33.0;74.0
2018-09-24T18:12:43;1.2;32.5;74.0
2018-09-24T19:12:43;1.2;32.0;75.0
2018-09-24T20:12:43;1.1;31.0;76.0
2018-09-24T21:12:43;1.0;30.5;76.0
2018-09-24T22:12:43;0.9;30.5;76.0
2018-09-24T23:12:43;0.9;30.5;76.0
2018-09-25T00:12:43;0.8;30.0;76.0
2018-09-25T01:12:43;0.7;30.0;76.0
2018-09-25T02:12:43;0.6;29.5;76.0
2018-09-25T03:12:43;0.5;30.0;77.0
2018-09-25T04:12:43;0.5;30.0;77.0
2018-09-25T05:12:43;0.5;29.5;77.0
2018-09-25T06:12:43;0.5;29.5;77.0
2018-09-25T07:12:43;0.5;29.5;77.0
2018-09-25T08:12:43;0.5;30.0;76.0
2018-09-25T09:12:43;0.5;30.0;76.0
2018-09-25T10:12:43;0.5;30.5;75.0
2018-09-25T11:12:43;0.5;30.5;75.0
2018-09-25T12:12:43;0.4;30.5;75.0
2018-09-25T13:12:43;0.4;31.0;75.0
2018-09-25T14:12:43;0.4;31.0;75.0
2018-09-25T15:12:43;0.4;31.0;75.0
2018-09-25T16:12:43;0.4;31.5;75.0
2018-09-25T17:12:43;0.3;32.5;74.0
2018-09-25T18:12:43;0.3;33.0;75.0
2018-09-25T19:12:43;0.3;32.5;75.0
2018-09-25T20:12:43;0.3;33.0;75.0
2018-09-25T21:12:43;0.3;32.0;75.0
2018-09-25T22:12:43;0.3;32.5;76.0
2018-09-25T23:12:43;0.4;33.0;76.0
2018-09-26T00:12:43;0.4;33.0;76.0
2018-09-26T01:12:43;0.4;34.0;76.0
2018-09-26T02:12:43;0.5;36.0;77.0
2018-09-26T03:12:43;0.5;36.0;77.0
2018-09-26T04:12:43;0.5;35.0;77.0
2018-09-26T05:12:43;0.5;35.0;77.0
2018-09-26T06:12:43;0.5;35.0;76.0
2018-09-26T07:12:43;0.6;35.0;76.0
2018-09-26T08:12:43;0.6;35.0;76.0
2018-09-26T09:12:43;0.7;35.0;76.0
2018-09-26T10:12:43;0.7;35.0;76.0
2018-09-26T11:12:43;0.7;35.0;75.0
2018-09-26T12:12:43;0.7;35.0;75.0
2018-09-26T13:12:43;0.7;35.0;75.0
2018-09-26T14:12:43;0.8;34.5;74.0
2018-09-26T15:12:43;0.8;34.5;74.0
2018-09-26T16:12:43;0.8;34.5;74.0
2018-09-26T17:12:43;0.7;35.0;73.0
2018-09-26T18:12:43;0.7;35.5;73.0
2018-09-26T19:12:43;0.7;36.0;74.0
2018-09-26T20:12:43;0.6;35.0;74.0
2018-09-26T21:12:43;0.6;35.5;74.0
2018-09-26T22:12:43;0.6;36.5;73.0
2018-09-26T23:12:43;0.5;36.5;74.0
2018-09-27T00:12:43;0.5;36.0;74.0
2018-09-27T01:12:43;0.5;36.0;75.0
2018-09-27T02:12:43;0.4;35.0;77.0
2018-09-27T03:12:43;0.4;35.0;77.0
2018-09-27T04:12:43;0.5;35.0;77.0
2018-09-27T05:12:43;0.4;36.5;76.0
2018-09-27T06:12:43;0.4;37.5;76.0
2018-09-27T07:12:43;0.3;38.0;76.0
2018-09-27T08:12:43;0.3;38.5;75.0
2018-09-27T09:12:43;0.3;39.0;74.0
2018-09-27T10:12:43;0.3;39.0;74.0
2018-09-27T11:12:43;0.4;39.0;73.0
2018-09-27T12:12:43;0.3;39.5;73.0
2018-09-27T13:12:43;0.3;39.5;72.0
2018-09-28T03:24:57;0.5;38.0;73.0
2018-09-28T04:24:57;0.4;40.0;72.0
2018-09-28T05:24:57;0.6;40.5;72.0
2018-09-28T06:24:57;1.1;40.5;72.0
2018-09-28T07:24:57;1.6;40.5;72.0
2018-09-28T08:24:57;1.8;40.0;71.0
2018-09-28T09:24:57;2.2;39.5;71.0
2018-09-28T10:24:57;2.3;39.0;71.0
2018-09-28T11:24:57;2.7;38.5;71.0
2018-09-28T12:24:57;3.3;38.0;71.0
2018-09-28T13:24:57;4.1;37.5;71.0
2018-09-28T14:24:57;4.8;37.5;71.0
2018-09-28T15:24:57;5.5;36.5;71.0
2018-09-28T16:24:57;6.2;35.0;71.0
2018-09-28T17:24:57;6.4;34.0;71.0
2018-09-28T18:24:57;6.5;34.0;71.0
2018-09-28T19:24:57;6.8;32.0;74.0
2018-09-28T20:24:57;7.1;32.0;73.0
2018-09-28T21:24:57;7.0;30.5;72.0
2018-09-28T22:24:57;7.1;29.0;72.0
2018-09-28T23:24:57;7.3;26.0;73.0
2018-09-29T00:24:57;7.6;28.5;73.0
2018-09-29T01:24:57;7.7;30.5;72.0
2018-09-29T02:24:57;7.9;29.5;72.0
2018-09-29T03:24:57;8.1;28.5;71.0
2018-09-29T04:24:57;8.1;27.0;71.0
2018-09-29T05:24:57;8.3;26.0;70.0
2018-09-29T06:24:57;8.4;25.0;71.0
2018-09-29T07:24:57;8.1;25.0;71.0
2018-09-29T08:24:57;8.1;26.5;71.0
2018-09-29T09:24:57;8.1;28.5;71.0
2018-09-29T10:24:57;8.2;33.0;71.0
2018-09-29T11:24:57;8.8;35.0;71.0
2018-09-29T12:24:57;8.5;36.0;72.0
2018-09-29T13:24:57;8.4;36.5;72.0
2018-09-29T14:24:57;8.0;36.5;72.0
2018-09-29T15:24:57;7.9;36.5;72.0
2018-09-29T16:24:57;7.5;37.0;72.0
2018-09-29T17:24:57;7.5;37.0;72.0
2018-09-29T18:24:57;7.5;37.0;72.0
2018-09-29T19:24:57;7.8;37.0;72.0
2018-09-29T20:23:56;7.5;37.0;72.0
2018-09-29T21:23:56;7.6;37.5;72.0
2018-09-29T22:23:56;7.5;37.5;72.0
2018-09-29T23:23:56;7.5;37.5;71.0
2018-09-30T00:23:56;7.3;36.5;71.0
2018-09-30T01:23:56;7.8;37.0;71.0
2018-09-30T02:23:56;8.1;37.5;72.0
2018-09-30T03:23:56;7.3;38.0;72.0
2018-09-30T04:23:56;7.5;38.5;72.0
2018-09-30T05:23:56;7.1;39.0;72.0
2018-09-30T06:23:56;6.9;39.0;72.0
2018-09-30T07:23:56;6.9;39.0;72.0
2018-09-30T08:23:56;7.1;39.0;72.0
2018-09-30T09:23:56;7.2;39.0;72.0
2018-09-30T10:23:56;7.1;39.0;72.0
2018-09-30T11:23:56;6.7;38.5;72.0
2018-09-30T12:23:56;7.0;38.5;72.0
2018-09-30T13:23:56;6.8;38.0;72.0
2018-09-30T14:23:56;6.9;38.0;72.0
2018-09-30T15:23:56;6.8;37.5;72.0
2018-09-30T16:23:56;6.9;37.5;72.0
2018-09-30T17:23:56;6.8;37.5;72.0
2018-09-30T18:23:56;7.2;37.0;72.0
2018-09-30T19:23:56;7.1;36.5;72.0
2018-09-30T20:23:56;7.2;34.5;72.0
2018-09-30T21:23:56;7.1;32.5;72.0
2018-09-30T22:23:56;7.1;31.5;72.0
2018-09-30T23:23:56;7.0;31.5;72.0
2018-10-01T00:23:56;6.8;31.5;72.0
2018-10-01T01:23:56;6.3;32.0;72.0
2018-10-01T02:23:56;5.9;32.0;72.0
2018-10-01T03:23:56;5.3;35.0;74.0
2018-10-01T04:23:56;5.0;38.0;75.0
2018-10-01T05:23:56;5.0;41.0;74.0
2018-10-01T06:23:56;4.7;43.0;74.0
2018-10-01T07:23:56;4.5;43.5;73.0
2018-10-01T08:23:56;4.3;44.5;73.0
2018-10-01T09:23:56;3.9;44.5;73.0
2018-10-01T10:23:56;3.8;44.0;72.0
2018-10-01T11:23:56;3.4;44.0;72.0
2018-10-01T12:23:56;2.8;39.0;72.0
2018-10-01T13:23:56;2.5;37.5;71.0
2018-10-01T14:23:56;2.2;38.5;72.0
2018-10-01T15:23:56;1.8;39.0;72.0
2018-10-01T16:23:56;1.5;37.5;72.0
2018-10-01T17:23:56;1.4;39.5;72.0
2018-10-01T18:23:56;0.8;41.0;73.0
2018-10-01T19:23:56;0.5;41.5;74.0
2018-10-01T20:23:56;0.5;40.0;74.0
2018-10-01T21:23:56;0.5;38.0;75.0
2018-10-01T22:23:56;0.8;36.0;75.0
2018-10-01T23:23:56;0.9;35.0;76.0
2018-10-02T00:23:56;1.1;33.0;75.0
2018-10-02T01:23:56;1.2;31.5;75.0
2018-10-02T02:23:56;1.4;30.0;75.0
2018-10-02T03:23:56;1.5;29.5;74.0
2018-10-02T04:23:56;1.5;28.5;74.0
2018-10-02T05:23:56;1.8;31.5;73.0
2018-10-02T06:23:56;1.9;34.0;73.0
2018-10-02T07:23:56;2.0;37.0;73.0
2018-10-02T08:23:56;2.1;38.0;73.0
2018-10-02T09:23:56;2.5;39.5;73.0
2018-10-02T10:23:56;2.6;40.0;73.0
2018-10-02T11:23:56;2.7;40.5;73.0
2018-10-02T12:23:56;2.9;40.5;73.0
2018-10-02T13:23:56;2.9;41.0;72.0
2018-10-02T14:23:56;2.9;41.0;72.0
2018-10-02T15:23:56;2.9;40.5;72.0
2018-10-02T16:23:56;3.2;42.0;72.0
2018-10-02T17:23:56;3.7;43.5;72.0
2018-10-02T18:23:56;3.8;45.5;73.0
2018-10-02T19:23:56;3.9;45.0;74.0
2018-10-02T20:23:56;3.9;43.0;74.0
2018-10-02T21:23:56;3.8;40.0;74.0
2018-10-02T22:23:56;3.5;37.0;74.0
2018-10-02T23:23:56;3.2;35.0;74.0
2018-10-03T00:23:56;3.0;33.5;74.0
2018-10-03T01:23:56;3.0;33.0;74.0
2018-10-03T02:23:56;3.1;34.0;74.0
2018-10-03T03:23:56;3.0;35.0;74.0
2018-10-03T04:23:56;2.8;36.0;74.0
2018-10-03T05:23:56;2.8;38.0;74.0
2018-10-03T06:23:56;2.7;40.0;73.0
2018-10-03T07:23:56;2.9;42.0;73.0
2018-10-03T08:23:56;2.9;43.0;73.0
2018-10-03T09:23:56;2.7;43.5;73.0
2018-10-03T10:23:56;2.9;44.0;73.0
2018-10-03T11:23:56;2.9;44.0;73.0
2018-10-03T12:23:56;3.1;44.0;73.0
2018-10-03T13:23:56;3.0;44.5;72.0
2018-10-03T14:23:56;3.1;44.0;72.0
2018-10-03T15:23:56;3.3;44.5;72.0
2018-10-03T16:23:56;3.1;45.0;72.0
2018-10-03T17:23:56;2.8;44.5;72.0
2018-10-03T18:23:56;2.9;44.0;73.0
2018-10-03T19:23:56;2.9;44.0;73.0
2018-10-03T20:23:56;3.1;43.0;74.0
2018-10-03T21:23:56;3.3;42.5;75.0
2018-10-03T22:23:56;3.4;42.5;76.0
2018-10-03T23:23:56;3.6;46.0;74.0
2018-10-04T00:23:56;4.3;48.0;73.0
2018-10-04T01:23:56;4.6;48.5;73.0
2018-10-04T02:23:56;4.8;48.5;73.0
2018-10-04T03:23:56;4.7;48.5;73.0
2018-10-04T04:23:56;4.9;47.0;72.0
2018-10-04T05:23:56;4.9;45.5;72.0
2018-10-04T06:23:56;4.9;45.0;72.0
2018-10-04T07:23:56;5.1;44.5;71.0
2018-10-04T08:23:56;5.5;45.0;72.0
2018-10-04T09:23:56;5.5;46.0;72.0
2018-10-04T10:23:56;5.5;46.5;72.0
2018-10-04T11:23:56;5.7;47.0;72.0
2018-10-04T12:23:56;5.5;47.5;72.0
2018-10-04T13:23:56;5.9;47.5;72.0
2018-10-04T14:23:56;6.1;48.0;72.0
2018-10-04T15:23:56;6.4;48.0;72.0
2018-10-04T16:23:56;6.5;48.0;72.0
2018-10-04T17:23:56;6.5;47.5;72.0
2018-10-04T18:23:56;6.7;46.5;72.0
2018-10-04T19:23:56;6.6;44.5;73.0
2018-10-04T20:23:56;6.5;46.0;73.0
2018-10-04T21:23:56;6.4;47.0;73.0
2018-10-04T22:23:56;6.4;47.0;73.0
2018-10-04T23:23:56;6.2;47.0;72.0
2018-10-05T00:23:56;5.7;46.0;72.0
2018-10-05T01:23:56;5.6;45.0;72.0
2018-10-05T02:23:56;5.5;44.0;72.0
2018-10-05T03:23:56;5.1;43.0;71.0
2018-10-05T04:23:56;5.1;43.0;71.0
2018-10-05T05:23:56;5.2;43.0;71.0
2018-10-05T06:23:56;5.0;43.5;72.0
2018-10-05T07:23:56;5.0;43.5;72.0
2018-10-05T08:23:56;4.9;43.5;72.0
2018-10-05T09:23:56;5.0;43.5;72.0
2018-10-05T10:23:56;5.0;43.5;72.0
2018-10-05T11:23:56;4.9;43.5;72.0
2018-10-05T12:23:56;5.0;43.0;72.0
2018-10-05T13:23:56;4.8;43.0;71.0
2018-10-05T14:23:56;5.1;42.0;71.0
2018-10-05T15:23:56;4.9;41.5;71.0
2018-10-05T16:23:56;4.9;41.5;71.0
2018-10-05T17:23:56;5.2;41.5;71.0
2018-10-05T18:23:56;5.3;41.5;71.0
2018-10-05T19:23:56;5.5;41.5;71.0
2018-10-05T20:23:56;5.8;42.0;71.0
2018-10-05T21:23:56;6.1;42.0;71.0
2018-10-05T22:23:56;6.1;42.5;71.0
2018-10-05T23:23:56;6.1;42.5;71.0
2018-10-06T00:23:56;6.1;43.0;71.0
2018-10-06T01:23:56;6.0;43.0;71.0
2018-10-06T02:23:56;6.1;43.0;71.0
2018-10-06T03:23:56;6.2;42.5;71.0
2018-10-06T04:23:56;6.4;42.5;71.0
2018-10-06T05:23:56;6.5;42.5;71.0
2018-10-06T06:23:56;7.0;42.5;71.0
2018-10-06T07:23:56;7.1;42.0;71.0
2018-10-06T08:23:56;7.1;42.0;71.0
2018-10-06T09:23:56;7.0;42.0;71.0
2018-10-06T10:23:56;7.1;41.5;71.0
2018-10-06T11:23:56;7.1;41.5;71.0
2018-10-06T12:23:56;7.1;41.0;71.0
2018-10-06T13:23:56;7.2;40.5;71.0
2018-10-06T14:23:56;7.3;40.5;71.0
2018-10-06T15:23:56;7.3;39.5;71.0
2018-10-06T16:23:56;7.4;39.0;71.0
2018-10-06T17:23:56;7.2;39.0;71.0
2018-10-06T18:23:56;7.0;39.0;71.0
2018-10-06T19:23:56;7.3;39.5;71.0
2018-10-06T20:23:56;7.3;40.0;71.0
2018-10-06T21:23:56;7.5;40.0;71.0
2018-10-06T22:23:56;7.6;40.5;71.0
2018-10-06T23:23:56;7.7;40.5;71.0
2018-10-07T00:23:56;7.7;40.0;71.0
2018-10-07T01:23:56;7.8;40.0;71.0
2018-10-07T02:23:56;7.7;40.0;71.0
2018-10-07T03:23:56;7.2;40.0;71.0
2018-10-07T04:23:56;6.9;40.0;71.0
2018-10-07T05:23:56;6.6;40.5;71.0
2018-10-07T06:23:56;6.3;40.5;71.0
2018-10-07T07:23:56;6.1;41.0;71.0
2018-10-07T08:23:56;6.2;41.5;71.0
2018-10-07T09:23:56;6.7;42.0;71.0
2018-10-07T10:23:56;6.7;42.5;71.0
2018-10-07T11:23:56;6.7;42.0;71.0
2018-10-07T12:23:56;6.7;41.5;71.0
2018-10-07T13:23:56;6.6;41.0;71.0
2018-10-07T14:23:56;6.4;41.0;71.0
2018-10-07T15:23:56;6.6;41.0;71.0
2018-10-07T16:23:56;6.8;41.0;71.0
2018-10-07T17:23:56;6.7;41.5;71.0
2018-10-07T18:23:56;6.6;42.0;71.0
2018-10-07T19:23:56;6.3;42.0;71.0
2018-10-07T20:23:56;6.4;37.5;72.0
2018-10-07T21:23:56;6.2;38.0;71.0
2018-10-07T22:23:56;6.1;36.5;71.0
2018-10-07T23:23:56;5.8;40.0;71.0
2018-10-08T00:23:56;5.7;39.5;71.0
2018-10-08T01:23:56;5.4;40.5;71.0
2018-10-08T02:23:56;5.2;41.0;72.0
2018-10-08T03:23:56;4.0;41.5;71.0
2018-10-08T04:23:56;3.9;42.0;71.0
2018-10-08T05:23:56;4.1;42.5;71.0
2018-10-08T06:23:56;4.5;42.5;71.0
2018-10-08T07:23:56;4.7;42.5;71.0
2018-10-08T08:23:56;4.5;43.0;71.0
2018-10-08T09:23:56;4.3;43.0;71.0
2018-10-08T10:23:56;4.4;42.5;71.0
2018-10-08T11:23:56;4.5;42.5;71.0
2018-10-08T12:23:56;4.5;42.5;71.0
2018-10-08T13:23:56;4.5;42.5;71.0
2018-10-08T14:23:56;4.3;42.5;71.0
2018-10-08T15:23:56;4.4;42.5;70.0
2018-10-08T16:23:56;4.3;42.5;70.0
2018-10-08T17:23:56;4.4;42.5;70.0
2018-10-08T18:23:56;4.7;42.0;70.0
2018-10-08T19:23:56;4.6;42.5;70.0
2018-10-08T20:23:56;4.5;42.5;70.0
2018-10-08T21:23:56;4.5;42.5;70.0
2018-10-08T22:23:56;5.0;42.5;70.0
2018-10-08T23:23:56;5.4;42.5;70.0
2018-10-09T00:23:56;5.8;42.5;70.0
2018-10-09T01:23:56;5.9;42.5;70.0
2018-10-09T02:23:56;6.1;42.5;70.0
2018-10-09T03:23:56;6.1;42.5;70.0
2018-10-09T04:23:56;6.1;42.5;70.0
2018-10-09T05:23:56;6.1;42.5;70.0
2018-10-09T06:23:56;5.9;42.5;70.0
2018-10-09T07:23:56;5.8;42.0;70.0
2018-10-09T08:23:56;5.6;42.0;70.0
2018-10-09T09:23:56;5.6;42.0;70.0
2018-10-09T10:23:56;5.3;42.0;70.0
2018-10-09T11:23:56;5.1;42.0;69.0
2018-10-09T12:23:56;5.2;42.0;69.0
2018-10-09T13:23:56;5.0;42.0;69.0
2018-10-09T14:23:56;4.9;38.5;68.0
2018-10-09T15:23:56;4.6;37.0;68.0
2018-10-09T16:23:56;4.6;37.5;69.0
2018-10-09T17:23:56;4.4;37.5;69.0
2018-10-09T18:23:56;4.1;38.0;69.0
2018-10-09T19:23:56;4.2;38.0;69.0
2018-10-09T20:23:56;4.1;38.5;69.0
2018-10-09T21:23:56;4.6;38.5;69.0
2018-10-09T22:23:56;4.1;39.0;69.0
2018-10-09T23:23:56;3.9;40.0;69.0
2018-10-10T00:23:56;3.7;41.5;69.0
2018-10-10T01:23:56;3.9;41.0;69.0
2018-10-10T02:23:56;3.8;40.5;69.0
2018-10-10T03:23:56;3.9;40.0;69.0
2018-10-10T04:23:56;3.9;39.5;69.0
2018-10-10T05:23:56;3.8;39.0;69.0
2018-10-10T06:23:56;3.7;39.0;68.0
2018-10-10T07:23:56;3.8;38.5;68.0
2018-10-10T08:23:56;3.8;38.5;68.0
2018-10-10T09:23:56;3.9;38.0;68.0
2018-10-10T10:23:56;4.2;38.0;68.0
2018-10-10T11:23:56;4.2;37.5;68.0
2018-10-10T12:23:56;4.2;37.5;68.0
2018-10-10T13:23:56;4.2;37.0;68.0
2018-10-10T14:23:56;4.3;37.0;68.0
2018-10-10T15:23:56;4.3;36.5;68.0
2018-10-10T16:23:56;4.3;36.0;68.0
2018-10-10T17:23:56;4.3;36.0;68.0
2018-10-10T18:23:56;4.4;36.0;68.0
2018-10-10T19:23:56;4.4;36.5;68.0
2018-10-10T20:23:56;4.4;36.5;68.0
2018-10-10T21:23:56;3.9;37.0;68.0
2018-10-10T22:23:56;3.9;37.0;68.0
2018-10-10T23:23:56;3.8;37.0;68.0
2018-10-11T00:23:56;3.6;36.5;68.0
2018-10-11T01:23:56;3.7;36.5;68.0
2018-10-11T02:23:56;3.8;37.0;68.0
2018-10-11T03:23:56;3.6;37.5;68.0
2018-10-11T04:23:56;3.8;38.5;68.0
2018-10-11T05:23:56;4.2;38.5;68.0
2018-10-11T06:23:56;4.1;38.0;68.0
2018-10-11T07:23:56;4.1;38.0;68.0
2018-10-11T08:23:56;4.0;37.5;68.0
2018-10-11T09:23:56;4.2;37.5;68.0
2018-10-11T10:23:56;4.0;37.0;68.0
2018-10-11T11:23:56;3.9;37.0;68.0
2018-10-11T12:23:56;4.0;36.5;68.0
2018-10-11T13:23:56;4.1;36.5;68.0
2018-10-11T14:23:56;3.9;36.5;67.0
2018-10-11T15:23:56;3.8;35.5;67.0
2018-10-11T16:23:56;3.8;35.0;65.0
2018-10-11T17:23:56;3.8;34.5;66.0
2018-10-11T18:23:56;3.8;35.5;67.0
2018-10-11T19:23:56;3.8;36.0;67.0
2018-10-11T20:23:56;3.7;36.5;67.0
2018-10-11T21:23:56;3.7;37.0;67.0
2018-10-11T22:23:56;3.9;37.5;67.0
2018-10-11T23:23:56;4.0;38.0;67.0
2018-10-12T00:23:56;4.2;38.5;67.0
2018-10-12T01:23:56;4.1;38.5;67.0
2018-10-12T02:23:56;3.8;39.0;67.0
2018-10-12T03:23:56;4.1;39.0;68.0
2018-10-12T04:23:56;4.2;39.0;68.0
2018-10-12T05:22:55;3.8;39.5;68.0
2018-10-12T06:22:55;3.9;39.5;68.0
2018-10-12T07:22:55;4.0;40.0;68.0
2018-10-12T08:22:55;4.5;40.0;68.0
2018-10-12T09:22:55;4.2;40.0;68.0
2018-10-12T10:22:55;4.4;40.0;68.0
2018-10-12T11:22:55;4.3;40.0;68.0
2018-10-12T12:22:55;4.3;40.0;68.0
2018-10-12T13:22:55;4.2;40.0;68.0
2018-10-12T14:22:55;4.3;40.0;68.0
2018-10-12T15:22:55;4.4;40.0;68.0
2018-10-12T16:22:55;4.5;40.0;68.0
2018-10-12T17:22:55;4.4;40.0;68.0
2018-10-12T18:22:55;4.5;40.0;67.0
2018-10-12T19:22:55;4.5;40.0;67.0
2018-10-12T20:22:55;4.4;39.5;68.0
2018-10-12T21:22:55;4.1;39.5;68.0
2018-10-12T22:22:55;3.9;40.0;68.0
2018-10-12T23:22:55;3.6;40.0;68.0
2018-10-13T00:22:55;3.4;40.5;68.0
2018-10-13T01:22:55;3.1;40.5;68.0
2018-10-13T02:22:55;3.1;41.0;68.0
2018-10-13T03:22:55;3.3;41.0;68.0
2018-10-13T04:22:55;3.1;41.5;68.0
2018-10-13T05:22:55;3.3;42.0;68.0
2018-10-13T06:22:55;3.4;42.0;68.0
2018-10-13T07:22:55;3.3;42.5;68.0
2018-10-13T08:22:55;2.8;42.5;68.0
2018-10-13T09:22:55;2.9;43.0;68.0
2018-10-13T10:22:55;2.7;43.0;68.0
2018-10-13T11:22:55;2.7;43.0;68.0
2018-10-13T12:22:55;3.2;43.0;68.0
2018-10-13T13:22:55;3.2;43.0;68.0
2018-10-13T14:22:55;3.4;43.0;68.0
2018-10-13T15:22:55;3.5;43.0;68.0
2018-10-13T16:22:55;3.7;43.0;68.0
2018-10-13T17:22:55;3.9;43.0;68.0
2018-10-13T18:22:55;3.8;43.0;68.0
2018-10-13T19:22:55;4.1;43.0;68.0
2018-10-13T20:22:55;4.4;43.0;68.0
2018-10-13T21:22:55;4.7;43.0;68.0
2018-10-13T22:22:55;4.8;43.0;68.0
2018-10-13T23:22:55;4.9;43.0;68.0
2018-10-14T00:22:55;5.7;43.0;68.0
2018-10-14T01:22:55;6.2;43.0;68.0
2018-10-14T02:22:55;6.4;43.0;68.0
2018-10-14T03:22:55;6.1;43.5;68.0
2018-10-14T04:22:55;6.1;43.5;68.0
2018-10-14T05:22:55;5.9;43.5;68.0
2018-10-14T06:22:55;6.2;43.5;68.0
2018-10-14T07:22:55;6.1;43.5;68.0
2018-10-14T08:22:55;6.2;43.5;68.0
2018-10-14T09:22:55;6.3;43.5;68.0
2018-10-14T10:22:55;6.1;43.5;68.0
2018-10-14T11:22:55;6.5;44.0;68.0
2018-10-14T12:22:55;6.1;44.0;68.0
2018-10-14T13:22:55;5.9;44.5;68.0
2018-10-14T14:22:55;5.7;44.5;68.0
2018-10-14T15:22:55;5.5;45.0;68.0
2018-10-14T16:22:55;5.2;44.5;68.0
2018-10-14T17:22:55;4.9;44.5;68.0
2018-10-14T18:22:55;4.8;45.0;68.0
2018-10-14T19:22:55;4.6;45.0;68.0
2018-10-14T20:22:55;4.4;45.0;68.0
2018-10-14T21:22:55;4.0;44.5;68.0
2018-10-14T22:22:55;3.8;45.0;68.0
2018-10-14T23:22:55;4.0;45.0;68.0
2018-10-15T00:22:55;2.9;44.5;68.0
2018-10-15T01:22:55;2.2;44.0;68.0
2018-10-15T02:22:55;1.9;44.0;68.0
2018-10-15T03:22:55;2.9;43.5;68.0
2018-10-15T04:22:55;2.8;43.0;68.0
2018-10-15T05:22:55;2.6;42.5;68.0
2018-10-15T06:22:55;2.1;42.0;68.0
2018-10-16T02:58:15;1.5;34.0;66.0
2018-10-16T03:58:15;1.7;33.5;66.0
2018-10-16T04:58:15;1.7;33.5;66.0
2018-10-16T05:58:15;1.7;34.0;66.0
2018-10-16T06:58:15;1.8;34.0;66.0
2018-10-16T07:58:15;1.8;34.0;66.0
2018-10-16T08:58:15;2.1;34.0;66.0
2018-10-16T09:58:15;2.4;33.5;66.0
2018-10-16T10:58:15;2.4;33.5;66.0
2018-10-16T11:58:15;2.5;33.0;66.0
2018-10-16T12:58:15;2.5;33.0;66.0
2018-10-16T13:58:15;2.8;33.0;66.0
2018-10-16T14:58:15;3.0;32.5;66.0
2018-10-16T15:58:15;3.2;30.5;65.0
2018-10-16T16:58:15;3.2;29.5;65.0
2018-10-16T17:58:15;3.2;29.5;65.0
2018-10-16T18:58:15;3.2;30.0;65.0
2018-10-16T19:58:15;3.1;30.5;65.0
2018-10-16T20:58:15;3.3;31.0;65.0
2018-10-16T21:58:15;3.4;32.5;65.0
2018-10-16T22:58:15;4.0;33.0;65.0
2018-10-16T23:58:15;4.1;33.0;65.0
2018-10-17T00:58:15;4.5;35.0;65.0
2018-10-17T01:58:15;4.7;34.5;65.0
2018-10-17T02:58:15;4.2;34.0;65.0
2018-10-17T03:58:15;4.2;34.0;65.0
2018-10-17T04:58:15;4.4;33.5;65.0
2018-10-17T05:58:15;4.4;33.5;65.0
2018-10-17T06:58:15;4.5;33.0;65.0
2018-10-17T07:58:15;4.5;33.0;65.0
2018-10-17T08:58:15;4.3;33.0;65.0
2018-10-17T09:58:15;4.0;33.0;65.0
2018-10-17T10:58:15;4.4;33.5;65.0
2018-10-17T11:58:15;4.4;33.5;65.0
2018-10-17T12:58:15;4.4;34.0;65.0
2018-10-17T13:58:15;4.2;34.5;65.0
2018-10-17T14:58:15;4.1;34.5;65.0
2018-10-17T15:58:15;4.0;34.5;65.0
2018-10-17T16:58:15;4.0;35.0;65.0
2018-10-17T17:58:15;4.1;35.0;65.0
2018-10-17T18:58:15;4.1;35.0;65.0
2018-10-17T19:58:15;4.5;36.0;65.0
2018-10-17T20:58:15;4.4;36.0;65.0
2018-10-17T21:58:15;4.5;37.0;65.0
2018-10-17T22:58:15;3.8;37.0;65.0
2018-10-17T23:58:15;3.8;37.0;66.0
2018-10-18T00:58:15;3.1;36.5;65.0
2018-10-18T01:58:15;2.8;36.5;65.0
2018-10-18T02:58:15;3.0;36.5;65.0
2018-10-18T03:58:15;2.9;37.0;65.0
2018-10-18T04:58:15;2.8;37.0;65.0
2018-10-18T05:58:15;3.2;37.0;64.0
2018-10-18T06:58:15;3.1;37.0;65.0
2018-10-18T07:58:15;3.2;37.5;65.0
2018-10-18T08:58:15;3.3;37.5;65.0
2018-10-18T09:58:15;3.9;37.5;65.0
2018-10-18T10:58:15;4.1;38.0;65.0
2018-10-18T11:58:15;4.2;38.0;65.0
2018-10-18T12:58:15;4.4;38.5;65.0
2018-10-18T13:58:15;4.8;38.5;65.0
2018-10-18T14:58:15;5.2;38.5;65.0
2018-10-18T15:58:15;5.0;38.5;65.0
2018-10-18T16:58:15;4.8;39.0;65.0
2018-10-18T17:58:15;5.0;39.0;65.0
2018-10-18T18:58:15;5.0;39.0;65.0
2018-10-18T19:58:15;4.7;39.5;65.0
2018-10-18T20:58:15;4.8;40.5;65.0
2018-10-18T21:58:15;4.7;40.5;65.0
2018-10-18T22:58:15;5.4;40.5;65.0
2018-10-18T23:58:15;5.4;41.0;65.0
2018-10-19T01:28:13;2.4;42.5;65.0
2018-10-19T02:28:13;2.4;42.5;65.0
2018-10-19T03:28:13;2.5;43.0;65.0
2018-10-19T04:28:13;2.8;43.0;65.0
2018-10-19T05:28:13;3.1;42.5;65.0
2018-10-19T06:28:13;2.9;42.5;65.0
2018-10-19T07:28:13;3.0;42.5;65.0
2018-10-19T08:28:13;3.1;42.5;65.0
2018-10-19T09:28:13;3.1;42.5;65.0
2018-10-19T10:28:13;3.2;42.5;65.0
2018-10-19T11:28:13;3.2;42.5;65.0
2018-10-19T12:28:13;3.1;43.0;65.0
2018-10-19T13:28:13;3.2;42.5;65.0
2018-10-19T14:28:13;3.4;42.5;65.0
2018-10-19T15:28:13;3.6;42.0;65.0
2018-10-19T16:28:13;3.5;42.0;65.0
2018-10-19T17:28:13;3.6;42.0;65.0
2018-10-19T18:28:13;3.7;42.0;65.0
2018-10-19T19:28:13;4.1;42.0;65.0
2018-10-19T20:28:13;4.3;41.5;65.0
2018-10-19T21:28:13;4.5;41.5;65.0
2018-10-19T22:28:13;5.0;41.0;65.0
2018-10-19T23:28:13;5.1;41.0;65.0
2018-10-20T00:28:13;5.5;41.0;65.0
2018-10-20T01:28:13;5.3;41.0;65.0
2018-10-20T02:28:13;5.1;41.0;65.0
2018-10-20T03:28:13;5.1;41.0;65.0
2018-10-20T04:28:13;5.1;41.0;65.0
2018-10-20T05:28:13;4.8;40.5;65.0
2018-10-20T06:28:13;4.9;40.0;65.0
2018-10-20T07:28:13;4.9;39.5;65.0
2018-10-20T08:28:13;4.9;39.0;65.0
2018-10-20T09:28:13;5.0;39.0;65.0
2018-10-20T10:28:13;5.0;38.5;65.0
2018-10-20T11:28:13;5.1;38.5;65.0
2018-10-20T12:28:13;5.1;38.0;65.0
2018-10-20T13:28:13;5.1;38.0;65.0
2018-10-20T14:28:13;5.4;38.0;65.0
2018-10-20T15:28:13;5.5;38.0;65.0
2018-10-20T16:28:13;5.5;38.5;66.0
2018-10-20T17:28:13;5.4;38.5;66.0
2018-10-20T18:28:13;5.5;38.5;66.0
2018-10-20T19:28:13;5.4;38.0;66.0
2018-10-20T20:28:13;5.4;34.5;66.0
2018-10-20T21:28:13;5.1;30.5;67.0
2018-10-20T22:28:13;4.5;29.5;67.0
2018-10-20T23:28:13;4.4;29.5;67.0
2018-10-21T00:28:13;3.9;28.5;66.0
2018-10-21T01:28:13;3.1;27.5;66.0
2018-10-21T02:28:13;3.1;26.5;65.0
2018-10-21T03:28:13;2.9;26.5;65.0
2018-10-21T04:28:13;2.7;28.5;65.0
2018-10-21T05:28:13;2.6;31.5;65.0
2018-10-21T06:28:13;2.5;32.5;66.0
2018-10-21T07:28:13;2.3;33.5;66.0
2018-10-21T08:28:13;2.3;33.5;66.0
2018-10-21T09:28:13;2.2;34.0;66.0
2018-10-21T10:28:13;2.1;34.0;66.0
2018-10-21T11:28:13;2.2;34.0;66.0
2018-10-21T12:28:13;2.2;34.0;66.0
2018-10-21T13:28:13;2.3;34.0;66.0
2018-10-21T14:28:13;2.2;34.0;66.0
2018-10-21T15:28:13;1.9;34.0;66.0
2018-10-21T16:28:13;2.0;34.0;66.0
2018-10-21T17:28:13;2.3;35.0;66.0
2018-10-21T18:28:13;2.3;36.5;66.0
2018-10-21T19:28:13;2.3;37.0;66.0
2018-10-21T20:28:13;2.1;37.5;66.0
2018-10-21T21:28:13;2.0;38.0;66.0
2018-10-21T22:28:13;2.3;38.5;66.0
2018-10-21T23:28:13;2.3;38.5;66.0
2018-10-22T00:28:13;2.5;39.5;66.0
2018-10-22T01:28:13;2.9;40.0;66.0
2018-10-22T02:28:13;3.5;40.5;66.0
2018-10-22T03:28:13;3.7;40.5;66.0
2018-10-22T04:28:13;3.7;40.5;66.0
2018-10-22T05:28:13;4.1;40.5;67.0
2018-10-22T06:28:13;4.4;40.5;66.0
2018-10-22T07:28:13;4.6;40.5;66.0
2018-10-22T08:28:13;4.5;40.5;66.0
2018-10-22T09:28:13;4.8;40.5;66.0
2018-10-22T10:28:13;5.1;40.5;66.0
2018-10-22T11:28:13;5.5;40.5;66.0
2018-10-22T12:28:13;5.4;40.5;66.0
2018-10-22T13:28:13;5.4;40.5;66.0
2018-10-22T14:28:13;5.4;40.5;66.0
2018-10-22T15:28:13;5.4;40.5;66.0
2018-10-22T16:28:13;5.7;40.5;66.0
2018-10-22T17:28:13;6.0;40.5;66.0
2018-10-22T18:28:13;6.2;41.5;66.0
2018-10-22T19:28:13;6.2;42.5;67.0
2018-10-22T20:28:13;6.2;43.0;66.0
2018-10-22T21:28:13;6.6;43.0;66.0
2018-10-22T22:28:13;6.6;43.0;67.0
2018-10-22T23:28:13;7.1;43.5;67.0
2018-10-23T00:28:13;7.1;44.0;67.0
2018-10-23T01:28:13;7.0;44.5;67.0
2018-10-23T02:28:13;7.2;44.5;67.0
2018-10-23T03:28:13;7.7;44.5;67.0
2018-10-23T04:28:13;7.6;44.5;67.0
2018-10-23T05:28:13;7.9;44.5;67.0
2018-10-23T06:28:13;8.0;44.0;67.0
2018-10-23T07:28:13;8.1;44.0;67.0
2018-10-23T08:28:13;8.8;43.5;67.0
2018-10-23T09:28:13;8.7;43.5;67.0
2018-10-23T10:28:13;8.7;43.0;67.0
2018-10-23T11:28:13;8.3;43.0;67.0
2018-10-23T12:28:13;8.9;43.0;67.0
2018-10-23T13:28:13;9.4;43.5;67.0
2018-10-23T14:28:13;9.3;44.0;67.0
2018-10-23T15:28:13;9.1;44.5;67.0
2018-10-23T16:28:13;8.6;45.0;67.0
2018-10-23T17:28:13;8.4;45.0;67.0
2018-10-23T18:28:13;8.3;45.5;67.0
2018-10-23T19:28:13;8.5;45.5;67.0
2018-10-23T20:28:13;8.8;49.5;66.0
2018-10-23T21:28:13;8.5;50.0;67.0
2018-10-23T22:28:13;8.4;50.0;67.0
2018-10-23T23:28:13;8.2;50.0;67.0
2018-10-24T00:28:13;8.2;49.5;66.0
2018-10-24T01:28:13;8.4;49.5;66.0
2018-10-24T02:28:13;7.8;49.5;66.0
2018-10-24T03:28:13;7.5;49.5;66.0
2018-10-24T04:28:13;7.9;49.0;66.0
2018-10-24T05:28:13;7.2;49.0;66.0
2018-10-24T06:28:13;7.1;49.0;66.0
2018-10-24T07:28:13;7.2;49.0;66.0
2018-10-24T08:28:13;6.6;49.0;66.0
2018-10-24T09:28:13;7.1;49.0;66.0
2018-10-24T10:28:13;7.2;49.0;66.0
2018-10-24T11:28:13;7.3;49.0;66.0
2018-10-24T12:28:13;6.6;49.5;66.0
2018-10-24T13:28:13;6.5;49.5;66.0
2018-10-24T14:28:13;6.3;49.5;66.0
2018-10-24T15:28:13;6.7;49.5;66.0
2018-10-24T16:28:13;6.9;49.5;66.0
2018-10-24T17:28:13;6.6;49.5;66.0
2018-10-24T18:28:13;6.5;49.5;66.0
2018-10-24T19:28:13;6.3;50.0;66.0
2018-10-24T20:28:13;6.2;51.0;66.0
2018-10-24T21:28:13;6.4;50.5;66.0
2018-10-24T22:28:13;6.5;50.5;66.0
2018-10-24T23:28:13;6.4;50.5;66.0
2018-10-25T00:28:13;6.5;50.5;66.0
2018-10-25T01:28:13;7.9;50.0;66.0
2018-10-25T02:28:13;7.7;50.0;66.0
2018-10-25T03:28:13;7.6;50.0;66.0
2018-10-25T04:27:14;7.9;49.5;66.0
2018-10-25T05:27:14;7.8;49.0;66.0
2018-10-25T06:27:14;7.5;48.5;65.0
2018-10-25T07:27:14;7.1;48.0;65.0
2018-10-25T08:27:14;7.4;47.5;65.0
2018-10-25T09:27:14;6.8;47.0;65.0
2018-10-25T10:27:14;6.5;46.5;65.0
2018-10-25T11:27:14;6.2;45.5;65.0
2018-10-25T12:27:14;6.8;45.0;65.0
2018-10-25T13:27:14;6.4;44.0;65.0
2018-10-25T14:27:14;6.1;44.5;66.0
2018-10-25T15:27:14;5.8;44.5;66.0
2018-10-25T16:27:14;5.7;44.5;66.0
2018-10-25T17:27:14;5.7;44.0;65.0
2018-10-25T18:27:14;5.4;43.5;65.0
2018-10-25T19:27:14;5.3;43.5;65.0
2018-10-25T20:27:14;5.2;43.0;65.0
2018-10-25T21:27:14;5.4;43.0;65.0
2018-10-25T22:27:14;5.6;43.0;65.0
2018-10-25T23:27:14;5.6;43.0;65.0
2018-10-26T00:27:14;5.8;43.5;65.0
2018-10-26T01:27:14;5.5;43.5;65.0
2018-10-26T02:27:14;5.6;44.0;65.0
2018-10-26T03:27:14;5.9;44.5;65.0
2018-10-26T04:27:14;5.9;44.5;65.0
2018-10-26T05:27:14;6.1;45.0;65.0
2018-10-26T06:27:14;6.2;45.0;66.0
2018-10-26T07:27:14;6.2;44.5;65.0
2018-10-26T08:27:14;6.4;44.0;65.0
2018-10-26T09:27:14;6.5;43.5;65.0
2018-10-26T10:27:14;6.6;43.0;65.0
2018-10-26T11:27:14;6.6;42.5;65.0
2018-10-26T12:27:14;6.1;42.0;65.0
2018-10-26T13:27:14;6.4;41.5;65.0
2018-10-26T14:27:14;6.5;41.0;65.0
2018-10-26T15:27:14;6.7;41.0;65.0
2018-10-26T16:27:14;6.9;40.5;65.0
2018-10-26T17:27:14;6.9;40.5;65.0
2018-10-26T18:27:14;7.2;40.5;65.0
2018-10-26T19:27:14;7.2;40.5;65.0
2018-10-26T20:27:14;7.4;41.5;65.0
2018-10-26T21:27:14;7.3;43.0;65.0
2018-10-26T22:27:14;7.6;43.0;65.0
2018-10-26T23:27:14;7.8;43.0;65.0
2018-10-27T00:27:14;7.8;42.5;65.0
2018-10-27T01:27:14;6.0;42.5;65.0
2018-10-27T02:27:14;6.0;42.5;65.0
2018-10-27T03:27:14;5.6;42.0;65.0
2018-10-27T04:27:14;5.4;42.0;65.0
2018-10-27T05:27:14;5.2;41.5;65.0
2018-10-27T06:27:14;5.1;41.0;65.0
2018-10-27T07:27:14;4.9;41.0;65.0
2018-10-27T08:27:14;4.7;40.5;65.0
2018-10-27T09:27:14;4.5;40.0;65.0
2018-10-27T10:27:14;4.5;40.0;65.0
2018-10-27T11:27:14;4.6;39.5;65.0
2018-10-27T12:27:14;4.6;39.5;65.0
2018-10-27T13:27:14;4.5;39.0;65.0
2018-10-27T14:27:14;4.5;39.0;65.0
2018-10-27T15:27:14;4.4;39.0;65.0
2018-10-27T16:27:14;4.4;40.0;65.0
2018-10-27T17:27:14;4.5;39.5;65.0
2018-10-27T18:27:14;4.4;39.5;65.0
2018-10-27T19:27:14;4.4;40.5;65.0
2018-10-27T20:27:14;4.3;41.0;65.0
2018-10-27T21:27:14;4.2;41.0;65.0
2018-10-27T22:27:14;4.1;41.5;65.0
2018-10-27T23:27:14;3.8;42.5;65.0
2018-10-28T00:27:14;3.3;43.0;65.0
2018-10-28T01:27:14;2.7;42.0;65.0
2018-10-28T02:27:14;2.6;41.5;65.0
2018-10-28T03:27:14;2.7;41.5;65.0
2018-10-28T04:27:14;2.6;42.0;65.0
2018-10-28T05:27:14;2.9;42.0;65.0
2018-10-28T06:27:14;3.0;42.0;65.0
2018-10-28T07:27:14;3.1;42.0;65.0
2018-10-28T08:27:14;3.2;41.5;65.0
2018-10-28T09:27:14;3.4;41.0;65.0
2018-10-28T10:27:14;3.4;40.5;65.0
2018-10-28T11:27:14;3.2;40.0;65.0
2018-10-28T12:27:14;3.5;39.5;65.0
2018-10-28T13:27:14;3.5;39.5;65.0
2018-10-28T14:27:14;3.6;39.0;64.0
2018-10-28T15:27:14;3.6;39.0;65.0
2018-10-28T16:27:14;3.6;39.5;65.0
2018-10-28T17:27:14;3.5;39.5;65.0
2018-10-28T18:27:14;3.4;41.0;65.0
2018-10-28T19:27:14;3.4;43.0;65.0
2018-10-28T20:27:14;3.5;43.5;65.0
2018-10-28T21:27:14;3.6;41.5;65.0
2018-10-28T22:27:14;3.4;41.0;65.0
2018-10-28T23:27:14;3.6;41.0;65.0
2018-10-29T00:27:14;3.8;41.0;65.0
2018-10-29T01:27:14;4.1;40.0;65.0
2018-10-29T02:27:14;4.1;43.0;66.0
2018-10-29T03:27:14;4.5;45.5;66.0
2018-10-29T04:27:14;4.6;45.0;66.0
2018-10-29T05:27:14;4.6;44.5;66.0
2018-10-29T06:27:14;4.6;43.5;65.0
2018-10-29T07:27:14;4.9;43.0;65.0
2018-10-29T08:27:14;4.8;42.0;65.0
2018-10-29T09:27:14;4.8;41.5;65.0
2018-10-29T10:27:14;5.0;41.0;65.0
2018-10-29T11:27:14;5.1;40.5;65.0
2018-10-29T12:27:14;5.4;40.0;65.0
2018-10-29T13:27:14;5.3;40.0;65.0
2018-10-29T14:27:14;5.3;39.5;65.0
2018-10-29T15:27:14;5.2;39.0;65.0
2018-10-29T16:27:14;5.3;39.5;65.0
2018-10-29T17:27:14;5.4;39.5;65.0
2018-10-29T18:27:14;5.6;40.0;65.0
2018-10-29T19:27:14;5.6;40.5;65.0
2018-10-29T20:27:14;5.5;41.0;65.0
2018-10-29T21:27:14;5.4;41.0;65.0
2018-10-29T22:27:14;5.1;41.0;65.0
2018-10-29T23:27:14;5.1;41.5;65.0
2018-10-30T00:27:14;5.1;42.0;65.0
2018-10-30T01:27:14;5.5;42.0;65.0
2018-10-30T02:27:14;5.7;42.0;65.0
2018-10-30T03:27:14;5.2;43.0;65.0
2018-10-30T04:27:14;5.1;44.0;65.0
2018-10-30T05:27:14;5.1;43.5;65.0
2018-10-30T06:27:14;5.4;43.0;65.0
2018-10-30T07:27:14;5.1;42.5;65.0
2018-10-30T08:27:14;5.5;42.0;65.0
2018-10-30T09:27:14;5.6;41.5;65.0
2018-10-30T10:27:14;5.5;41.5;65.0
2018-10-30T11:27:14;5.4;41.0;65.0
2018-10-30T12:27:14;5.4;41.0;65.0
2018-10-30T13:27:14;5.4;40.5;65.0
2018-10-30T14:27:14;5.3;40.5;65.0
2018-10-30T15:27:14;5.3;41.0;65.0
2018-10-30T16:27:14;5.1;41.0;65.0
2018-10-30T17:27:14;5.0;41.5;65.0
2018-10-30T18:27:14;5.2;41.5;65.0
2018-10-30T19:27:14;5.3;41.5;65.0
2018-10-30T20:27:14;5.6;41.5;65.0
2018-10-30T21:27:14;5.9;41.5;65.0
2018-10-30T22:27:14;6.4;42.0;65.0
2018-10-30T23:27:14;6.4;42.0;65.0
2018-10-31T00:27:14;6.7;42.0;65.0
2018-10-31T01:27:14;6.4;42.0;65.0
2018-10-31T02:27:14;6.5;42.5;65.0
2018-10-31T03:27:14;6.8;43.0;65.0
2018-10-31T04:27:14;6.9;44.0;65.0
2018-10-31T05:27:14;6.9;44.5;65.0
2018-10-31T06:27:14;6.8;44.5;65.0
2018-10-31T07:27:14;6.6;44.5;65.0
2018-10-31T08:27:14;6.4;44.5;65.0
2018-10-31T09:27:14;6.3;44.5;65.0
2018-10-31T10:27:14;6.4;44.5;65.0
2018-10-31T11:27:14;6.4;44.5;65.0
2018-10-31T12:27:14;6.2;44.0;65.0
2018-10-31T13:27:14;6.2;44.0;65.0
2018-10-31T14:27:14;6.1;43.5;65.0
2018-10-31T15:27:14;6.5;43.0;65.0
2018-10-31T16:27:14;6.5;42.5;65.0
2018-10-31T17:27:14;6.6;42.5;65.0
2018-10-31T18:27:14;6.5;42.0;65.0
2018-10-31T19:27:14;6.3;41.5;65.0
2018-10-31T20:27:14;6.5;41.0;65.0
2018-10-31T21:27:14;6.3;41.0;65.0
2018-10-31T22:27:14;6.0;40.5;64.0
2018-10-31T23:27:14;5.9;40.0;64.0
2018-11-01T00:27:14;6.1;39.5;64.0
2018-11-01T01:27:14;5.7;39.5;64.0
2018-11-01T02:27:14;5.5;39.0;64.0
2018-11-01T03:27:14;5.4;39.5;64.0
2018-11-01T04:27:14;5.4;39.5;64.0
2018-11-01T05:27:14;5.2;38.5;64.0
2018-11-01T06:27:14;5.0;38.0;64.0
2018-11-01T07:27:14;5.1;38.0;64.0
2018-11-01T08:27:14;5.2;37.5;64.0
2018-11-01T09:27:14;5.4;37.5;64.0
2018-11-01T10:27:14;5.0;37.5;64.0
2018-11-01T11:27:14;5.2;37.0;64.0
2018-11-01T12:27:14;5.0;37.0;64.0
2018-11-01T13:27:14;5.1;37.0;64.0
2018-11-01T14:27:14;5.1;37.0;64.0
2018-11-01T15:27:14;4.8;37.0;64.0
2018-11-01T16:27:14;4.9;36.5;64.0
2018-11-01T17:27:14;5.0;36.0;64.0
2018-11-01T18:27:14;4.8;32.0;63.0
2018-11-01T19:27:14;4.7;31.0;63.0
2018-11-01T20:27:14;4.4;31.0;63.0
2018-11-01T21:27:14;4.4;31.0;63.0
2018-11-01T22:27:14;4.4;31.5;63.0
2018-11-01T23:27:14;4.5;31.5;63.0
2018-11-02T00:27:14;4.3;32.5;63.0
2018-11-02T01:27:14;4.1;33.0;63.0
2018-11-02T02:27:14;4.1;34.0;63.0
2018-11-02T03:27:14;3.9;34.0;63.0
2018-11-02T04:27:14;3.9;34.5;63.0
2018-11-02T05:27:14;3.9;34.0;63.0
2018-11-02T06:27:14;3.9;33.5;63.0
2018-11-02T07:27:14;3.9;34.0;63.0
2018-11-02T08:27:14;3.9;34.0;63.0
2018-11-02T09:27:14;3.8;34.0;63.0
2018-11-02T10:27:14;3.8;34.0;63.0
2018-11-02T11:27:14;3.8;34.0;63.0
2018-11-02T12:27:14;3.8;34.0;63.0
2018-11-02T13:27:14;3.8;34.0;63.0
2018-11-02T14:27:14;3.6;33.5;63.0
2018-11-02T15:27:14;3.8;34.5;63.0
2018-11-02T16:27:14;3.5;34.5;63.0
2018-11-02T17:27:14;3.3;34.5;63.0
2018-11-02T18:27:14;3.4;34.5;63.0
2018-11-02T19:27:14;3.6;34.5;63.0
2018-11-02T20:27:14;3.3;34.5;63.0
2018-11-02T21:27:14;3.4;35.0;63.0
2018-11-02T22:27:14;3.4;36.0;63.0
2018-11-02T23:27:14;3.4;36.0;63.0
2018-11-03T00:27:14;3.4;36.0;63.0
2018-11-03T01:27:14;3.4;36.5;63.0
2018-11-03T02:27:14;3.6;36.5;63.0
2018-11-03T03:27:14;4.1;36.5;63.0
2018-11-03T04:27:14;3.9;36.5;63.0
2018-11-03T05:27:14;4.1;36.5;63.0
2018-11-03T06:27:14;3.9;36.5;63.0
2018-11-03T07:27:14;4.0;36.5;63.0
2018-11-03T08:27:14;4.1;37.0;63.0
2018-11-03T09:27:14;4.3;37.0;63.0
2018-11-03T10:27:14;4.8;37.0;63.0
2018-11-03T11:27:14;5.1;37.0;63.0
2018-11-03T12:27:14;4.9;37.0;63.0
2018-11-03T13:27:14;5.2;37.0;63.0
2018-11-03T14:27:14;5.5;36.5;63.0
2018-11-03T15:27:14;5.6;36.5;63.0
2018-11-03T16:27:14;5.8;36.0;63.0
2018-11-03T17:27:14;5.6;31.5;63.0
2018-11-03T18:27:14;5.5;31.0;63.0
2018-11-03T19:27:14;5.4;31.0;63.0
2018-11-03T20:27:14;5.4;31.0;63.0
2018-11-03T21:27:14;5.5;31.5;63.0
2018-11-03T22:27:14;5.5;31.0;63.0
2018-11-03T23:27:14;5.4;31.0;63.0
2018-11-04T00:27:14;5.4;31.0;63.0
2018-11-04T01:27:14;5.3;29.5;63.0
2018-11-04T02:27:14;5.2;29.5;63.0
2018-11-04T03:27:14;4.8;30.5;63.0
2018-11-04T04:27:14;4.7;31.0;63.0
2018-11-04T05:27:14;4.7;30.5;63.0
2018-11-04T06:27:14;4.7;30.5;63.0
2018-11-04T07:27:14;4.8;31.0;63.0
2018-11-04T08:27:14;4.6;31.0;63.0
2018-11-04T09:27:14;4.5;31.0;63.0
2018-11-04T10:27:14;4.0;31.0;63.0
2018-11-04T11:27:14;3.5;31.0;63.0
2018-11-04T12:27:14;3.8;31.0;63.0
2018-11-04T13:27:14;3.6;30.5;63.0
2018-11-04T14:27:14;3.3;30.5;63.0
2018-11-04T15:27:14;3.2;31.0;63.0
2018-11-04T16:27:14;3.1;31.5;63.0
2018-11-04T17:27:14;3.2;31.5;63.0
2018-11-04T18:27:14;3.4;31.0;63.0
2018-11-04T19:27:14;3.4;31.0;63.0
2018-11-04T20:27:14;3.6;30.5;63.0
2018-11-04T21:27:14;3.4;30.5;63.0
2018-11-04T22:27:14;3.9;30.5;63.0
2018-11-04T23:27:14;3.9;30.5;63.0
2018-11-05T00:27:14;3.8;30.5;63.0
2018-11-05T01:27:14;3.8;31.0;63.0
2018-11-05T02:27:14;3.6;31.0;63.0
2018-11-05T03:27:14;3.9;31.5;63.0
2018-11-05T04:27:14;4.4;31.5;63.0
2018-11-05T05:27:14;4.6;32.0;63.0
2018-11-05T06:27:14;5.0;32.0;63.0
2018-11-05T07:27:14;5.1;32.0;63.0
2018-11-05T08:27:14;5.3;32.5;63.0
2018-11-05T09:27:14;5.4;32.5;63.0
2018-11-05T10:27:14;5.5;33.0;63.0
2018-11-05T11:27:14;5.7;33.0;63.0
2018-11-05T12:27:14;5.7;33.0;63.0
2018-11-05T13:27:14;5.8;33.0;63.0
2018-11-05T14:27:14;5.9;34.0;63.0
2018-11-05T15:27:14;6.3;35.0;63.0
2018-11-05T16:27:14;6.3;35.0;63.0
2018-11-05T17:27:14;6.3;35.0;63.0
2018-11-05T18:27:14;6.5;34.5;63.0
2018-11-05T19:27:14;6.4;33.5;63.0
2018-11-05T20:26:14;6.4;33.0;63.0
2018-11-05T21:26:14;6.3;32.5;63.0
2018-11-05T22:26:14;6.0;33.5;63.0
2018-11-05T23:26:14;6.1;33.5;63.0
2018-11-06T00:26:14;6.2;33.0;63.0
2018-11-06T01:26:14;5.6;33.0;63.0
2018-11-06T02:26:14;5.9;33.0;63.0
2018-11-06T03:26:14;5.8;33.0;63.0
2018-11-06T04:26:14;5.5;32.5;63.0
2018-11-06T05:26:14;5.2;33.0;63.0
2018-11-06T06:26:14;4.8;32.5;63.0
2018-11-06T07:26:14;4.6;32.5;63.0
2018-11-06T08:26:14;4.6;32.0;63.0
2018-11-06T09:26:14;4.5;32.0;63.0
2018-11-06T10:26:14;4.4;32.5;63.0
2018-11-06T11:26:14;4.2;33.0;63.0
2018-11-06T12:26:14;4.0;33.5;63.0
2018-11-06T13:26:14;3.9;33.5;63.0
2018-11-06T14:26:14;3.8;33.5;63.0
2018-11-06T15:26:14;3.7;33.5;63.0
2018-11-06T16:26:14;3.8;36.5;64.0
2018-11-06T17:26:14;3.8;37.0;64.0
2018-11-06T18:26:14;3.7;36.5;64.0
2018-11-06T19:26:14;4.0;36.0;63.0
2018-11-06T20:26:14;3.9;35.0;63.0
2018-11-06T21:26:14;4.1;35.0;63.0
2018-11-06T22:26:14;4.1;35.0;63.0
2018-11-06T23:26:14;4.1;35.0;63.0
2018-11-07T00:26:14;3.9;34.5;63.0
2018-11-07T01:26:14;4.0;35.0;63.0
2018-11-07T02:26:14;4.0;34.5;63.0
2018-11-07T03:26:14;3.9;34.5;63.0
2018-11-07T04:26:14;4.1;34.0;63.0
2018-11-07T05:26:14;4.1;34.0;63.0
2018-11-07T06:26:14;4.0;33.5;63.0
2018-11-07T07:26:14;4.1;33.0;63.0
2018-11-07T08:26:14;4.1;33.0;63.0
2018-11-07T09:26:14;4.2;32.5;63.0
2018-11-07T10:26:14;4.4;32.5;63.0
2018-11-07T11:26:14;4.5;32.5;63.0
2018-11-07T12:26:14;4.5;32.5;63.0
2018-11-07T13:26:14;4.5;32.5;63.0
2018-11-07T14:26:14;4.8;32.5;63.0
2018-11-07T15:26:14;4.5;32.5;63.0
2018-11-07T16:26:14;4.5;32.5;63.0
2018-11-07T17:26:14;4.5;32.5;63.0
2018-11-07T18:26:14;4.6;32.0;63.0
2018-11-07T19:26:14;4.6;31.5;63.0
2018-11-07T20:26:14;4.8;31.0;63.0
2018-11-07T21:26:14;4.8;31.0;63.0
2018-11-07T22:26:14;4.7;31.0;63.0
2018-11-07T23:26:14;4.6;31.5;63.0
2018-11-08T00:26:14;4.6;32.5;63.0
2018-11-08T01:26:14;4.4;32.5;63.0
2018-11-08T02:26:14;4.2;32.5;63.0
2018-11-08T03:26:14;4.1;33.0;63.0
2018-11-08T04:26:14;4.1;33.0;63.0
2018-11-08T05:26:14;4.4;32.5;63.0
2018-11-08T06:26:14;4.3;32.5;63.0
2018-11-08T07:26:14;4.1;32.5;63.0
2018-11-08T08:26:14;3.9;32.0;63.0
2018-11-08T09:26:14;3.9;32.0;63.0
2018-11-08T10:26:14;3.8;32.0;63.0
2018-11-08T11:26:14;3.7;32.5;63.0
2018-11-08T12:26:14;3.9;33.0;63.0
2018-11-08T13:26:14;4.1;33.0;63.0
2018-11-08T14:26:14;4.3;33.5;63.0
2018-11-08T15:26:14;4.3;34.5;63.0
2018-11-08T16:26:14;4.1;35.0;63.0
2018-11-08T17:26:14;4.0;35.0;63.0
2018-11-08T18:26:14;3.8;35.0;63.0
2018-11-08T19:26:14;3.5;35.0;63.0
2018-11-08T20:26:14;3.6;36.5;64.0
2018-11-08T21:26:14;3.8;36.0;64.0
2018-11-08T22:26:14;3.7;34.0;64.0
2018-11-08T23:26:14;3.6;32.5;64.0
2018-11-09T00:26:14;3.7;31.0;64.0
2018-11-09T01:26:14;3.6;30.0;63.0
2018-11-09T02:26:14;3.7;29.0;63.0
2018-11-09T03:26:14;3.8;27.5;64.0
2018-11-09T04:26:14;3.8;26.5;64.0
2018-11-09T05:26:14;3.8;26.5;64.0
2018-11-09T06:26:14;3.9;26.0;64.0
2018-11-09T07:26:14;3.9;25.0;64.0
2018-11-09T08:26:14;4.1;25.0;63.0
2018-11-09T09:26:14;3.9;24.5;63.0
2018-11-09T10:26:14;3.9;24.5;63.0
2018-11-09T11:26:14;3.8;24.5;63.0
2018-11-09T12:26:14;3.8;24.5;63.0
2018-11-09T13:26:14;3.8;24.5;63.0
2018-11-09T14:26:14;3.6;25.0;63.0
2018-11-09T15:26:14;3.6;26.0;63.0
2018-11-09T16:26:14;3.8;27.0;63.0
2018-11-09T17:26:14;3.8;27.5;63.0
2018-11-09T18:26:14;3.9;27.0;63.0
2018-11-09T19:26:14;4.2;27.0;63.0
2018-11-09T20:26:14;3.9;27.0;63.0
2018-11-09T21:26:14;3.5;27.0;63.0
2018-11-09T22:26:14;3.6;27.0;63.0
2018-11-09T23:26:14;3.8;27.0;63.0
2018-11-10T00:26:14;3.8;28.0;63.0
2018-11-10T01:26:14;3.5;29.0;63.0
2018-11-10T02:26:14;3.6;29.0;63.0
2018-11-10T03:26:14;3.6;29.5;63.0
2018-11-10T04:26:14;3.5;29.5;63.0
2018-11-10T05:26:14;3.6;29.5;63.0
2018-11-10T06:26:14;3.6;29.0;63.0
2018-11-10T07:26:14;4.2;28.5;63.0
2018-11-10T08:26:14;4.1;28.0;63.0
2018-11-10T09:26:14;4.3;28.0;63.0
2018-11-10T10:26:14;4.4;28.5;63.0
2018-11-10T11:26:14;4.8;28.5;63.0
2018-11-10T12:26:14;4.6;28.5;62.0
2018-11-10T13:26:14;4.5;28.5;62.0
2018-11-10T14:26:14;4.2;28.5;62.0
2018-11-10T15:26:14;4.4;28.5;62.0
2018-11-10T16:26:14;4.4;29.0;62.0
2018-11-10T17:26:14;4.6;29.5;63.0
2018-11-10T18:26:14;4.6;30.5;63.0
2018-11-10T19:26:14;4.4;33.5;60.0
2018-11-10T20:26:14;4.4;35.0;59.0
2018-11-10T21:26:14;4.4;35.5;59.0
2018-11-10T22:26:14;4.1;35.0;59.0
2018-11-10T23:26:14;3.8;35.0;60.0
2018-11-11T00:26:14;3.6;35.0;61.0
2018-11-11T01:26:14;3.6;34.5;62.0
2018-11-11T02:26:14;3.4;34.5;62.0
2018-11-11T03:26:14;3.4;34.5;62.0
2018-11-11T04:26:14;3.3;34.5;62.0
2018-11-11T05:26:14;3.2;35.0;62.0
2018-11-11T06:26:14;3.2;35.0;62.0
2018-11-11T07:26:14;2.9;35.0;62.0
2018-11-11T08:26:14;3.1;35.0;62.0
2018-11-11T09:26:14;3.0;35.0;62.0
2018-11-11T10:26:14;3.0;34.5;62.0
2018-11-11T11:26:14;3.1;34.5;62.0
2018-11-11T12:26:14;3.3;34.0;62.0
2018-11-11T13:26:14;3.5;34.0;62.0
2018-11-11T14:26:14;3.9;33.5;62.0
2018-11-11T15:26:14;4.1;34.0;62.0
2018-11-11T16:26:14;3.9;34.0;62.0
2018-11-11T17:26:14;3.8;34.0;62.0
2018-11-11T18:26:14;3.8;33.0;60.0
2018-11-11T19:26:14;3.7;30.5;61.0
2018-11-11T20:26:14;3.6;30.5;62.0
2018-11-11T21:26:14;3.8;30.5;62.0
2018-11-11T22:26:14;4.0;30.5;62.0
2018-11-11T23:26:14;4.0;30.5;62.0
2018-11-12T00:26:14;4.3;30.5;62.0
2018-11-12T01:26:14;4.5;31.0;62.0
2018-11-12T02:26:14;4.5;30.5;62.0
2018-11-12T03:26:14;4.4;30.5;63.0
2018-11-12T04:26:14;4.5;30.5;63.0
2018-11-12T05:26:14;4.4;30.5;62.0
2018-11-12T06:26:14;4.5;30.5;62.0
2018-11-12T07:26:14;4.2;30.0;62.0
2018-11-12T08:26:14;4.1;29.5;62.0
2018-11-12T09:26:14;4.0;28.5;62.0
2018-11-12T10:26:14;3.8;28.0;62.0
2018-11-12T11:26:14;3.5;27.5;62.0
2018-11-12T12:26:14;3.3;27.0;62.0
2018-11-12T13:26:14;3.1;27.0;62.0
2018-11-12T14:26:14;2.8;26.5;62.0
2018-11-12T15:26:14;2.6;25.5;62.0
2018-11-12T16:26:14;2.4;25.5;62.0
2018-11-12T17:26:14;2.2;25.5;62.0
2018-11-12T18:26:14;2.1;25.0;62.0
2018-11-12T19:26:14;2.2;25.0;62.0
2018-11-12T20:26:14;2.3;25.0;62.0
2018-11-12T21:26:14;2.2;24.5;62.0
2018-11-12T22:26:14;2.0;24.5;62.0
2018-11-12T23:26:14;2.0;25.0;62.0
2018-11-13T00:26:14;1.9;26.0;62.0
2018-11-13T01:26:14;2.1;26.0;62.0
2018-11-13T02:26:14;2.0;25.0;61.0
2018-11-13T03:26:14;2.1;25.0;61.0
2018-11-13T04:26:14;2.1;26.0;61.0
2018-11-13T05:26:14;1.9;25.5;61.0
2018-11-13T06:26:14;1.6;25.0;61.0
2018-11-13T07:26:14;1.8;24.5;61.0
2018-11-13T08:26:14;1.8;24.5;61.0
2018-11-13T09:26:14;2.0;24.5;61.0
2018-11-13T10:26:14;1.9;24.5;61.0
2018-11-13T11:26:14;1.9;24.5;61.0
2018-11-13T12:26:14;1.9;24.0;61.0
2018-11-13T13:26:14;1.8;24.0;60.0
2018-11-13T14:26:14;1.7;24.0;60.0
2018-11-13T15:26:14;1.7;24.5;60.0
2018-11-13T16:26:14;1.8;27.0;61.0
2018-11-13T17:26:14;1.9;26.0;60.0
2018-11-13T18:26:14;1.8;23.0;56.0
2018-11-13T19:26:14;1.8;23.0;54.0
2018-11-13T20:26:14;1.7;28.5;58.0
2018-11-13T21:26:14;1.7;23.5;58.0
2018-11-13T22:26:14;1.7;23.0;59.0
2018-11-13T23:26:14;1.8;21.5;58.0
2018-11-14T00:26:14;1.6;22.0;58.0
2018-11-14T01:26:14;1.5;23.0;59.0
2018-11-14T02:26:14;1.5;24.0;59.0
2018-11-14T03:26:14;1.5;23.5;59.0
2018-11-14T04:26:14;1.4;22.5;58.0
2018-11-14T05:26:14;1.4;24.0;59.0
2018-11-14T06:26:14;1.4;24.5;59.0
2018-11-14T07:26:14;1.2;25.0;59.0
2018-11-14T08:26:14;1.2;25.0;59.0
2018-11-14T09:26:14;1.1;25.0;59.0
2018-11-14T10:26:14;1.4;25.0;59.0
2018-11-14T11:26:14;1.4;25.0;59.0
2018-11-14T12:26:14;1.4;25.0;59.0
2018-11-14T13:26:14;1.8;25.0;59.0
2018-11-14T14:26:14;1.9;25.0;59.0
2018-11-14T15:26:14;2.0;25.0;59.0
2018-11-14T16:26:14;2.0;26.0;59.0
2018-11-14T17:26:14;2.1;26.5;59.0
2018-11-14T18:26:14;2.2;25.5;59.0
2018-11-14T19:26:14;2.3;24.5;59.0
2018-11-14T20:26:14;2.4;25.0;59.0
2018-11-14T21:26:14;2.6;28.5;60.0
2018-11-14T22:26:14;2.8;27.5;60.0
2018-11-14T23:26:14;2.8;29.0;60.0
2018-11-15T00:26:14;3.0;29.0;60.0
2018-11-15T01:26:14;3.2;26.5;60.0
2018-11-15T02:26:14;3.2;26.0;60.0
2018-11-15T03:26:14;3.5;26.5;60.0
2018-11-15T04:26:14;3.8;27.5;60.0
2018-11-15T05:26:14;3.9;28.5;60.0
2018-11-15T06:26:14;4.1;28.0;60.0
2018-11-15T07:26:14;4.3;28.0;60.0
2018-11-15T08:26:14;4.3;28.0;60.0
2018-11-15T09:26:14;4.4;28.0;60.0
2018-11-15T10:26:14;4.6;27.5;60.0
2018-11-15T11:26:14;4.7;27.5;60.0
2018-11-15T12:26:14;4.9;27.0;60.0
2018-11-15T13:26:14;4.8;27.0;60.0
2018-11-15T14:26:14;5.0;27.0;60.0
2018-11-15T15:26:14;5.2;28.0;60.0
2018-11-15T16:26:14;5.3;28.5;60.0
2018-11-15T17:26:14;5.6;28.5;60.0
2018-11-15T18:26:14;5.7;29.0;60.0
2018-11-15T19:26:14;5.8;28.0;60.0
2018-11-15T20:26:14;5.7;24.0;59.0
2018-11-15T21:26:14;5.5;22.5;59.0
2018-11-15T22:26:14;5.6;23.5;60.0
2018-11-15T23:26:14;5.6;26.0;60.0
2018-11-16T00:26:14;5.5;27.5;60.0
2018-11-16T01:26:14;5.7;27.5;60.0
2018-11-16T02:26:14;5.6;28.5;60.0
2018-11-16T03:26:14;5.5;29.5;60.0
2018-11-16T04:26:14;5.4;30.5;60.0
2018-11-16T05:26:14;5.6;31.0;60.0
2018-11-16T06:26:14;5.8;30.5;60.0
2018-11-16T07:26:14;5.8;30.5;60.0
2018-11-16T08:26:14;5.7;31.0;60.0
2018-11-16T09:26:14;5.6;31.0;60.0
2018-11-16T10:26:14;5.4;31.5;60.0
2018-11-16T11:26:14;5.4;31.5;60.0
2018-11-16T12:26:14;5.3;31.5;60.0
2018-11-16T13:26:14;5.1;32.0;60.0
2018-11-16T14:26:14;4.9;32.0;60.0
2018-11-16T15:26:14;4.6;31.5;60.0
2018-11-16T16:26:14;4.6;32.5;60.0
2018-11-16T17:26:14;4.1;29.0;60.0
2018-11-16T18:26:14;3.8;29.0;60.0
2018-11-16T19:26:14;4.0;29.0;60.0
2018-11-16T20:26:14;4.5;29.0;60.0
2018-11-16T21:26:14;5.1;29.0;60.0
2018-11-16T22:26:14;5.3;29.0;60.0
2018-11-16T23:26:14;5.4;29.0;60.0
2018-11-17T00:26:14;5.6;29.5;60.0
2018-11-17T01:26:14;5.7;29.5;60.0
2018-11-17T02:26:14;5.9;30.0;60.0
2018-11-17T03:26:14;6.1;30.5;60.0
2018-11-17T04:26:14;6.1;30.5;60.0
2018-11-17T05:25:31;6.2;30.5;60.0
2018-11-17T06:25:31;6.1;30.0;60.0
2018-11-17T07:25:31;6.3;29.5;60.0
2018-11-17T08:25:31;6.2;29.5;60.0
2018-11-17T09:25:31;6.2;29.5;60.0
2018-11-17T10:25:31;6.1;29.5;60.0
2018-11-17T11:25:31;6.1;29.5;60.0
2018-11-17T12:25:31;6.0;29.0;60.0
2018-11-17T13:25:31;6.2;29.0;60.0
2018-11-17T14:25:31;6.3;29.0;60.0
2018-11-17T15:25:31;6.2;28.5;60.0
2018-11-17T16:25:31;6.3;29.0;60.0
2018-11-17T17:25:31;6.3;28.5;60.0
2018-11-17T18:25:31;6.5;28.5;60.0
2018-11-17T19:25:31;6.2;28.0;60.0
2018-11-17T20:25:31;6.3;28.0;61.0
2018-11-17T21:25:31;6.0;28.5;61.0
2018-11-17T22:25:31;5.9;29.0;61.0
2018-11-17T23:25:31;6.1;29.5;61.0
2018-11-18T00:25:31;6.2;29.5;61.0
2018-11-18T01:25:31;6.0;29.0;61.0
2018-11-18T02:25:31;5.7;28.0;61.0
2018-11-18T03:25:31;5.6;27.5;61.0
2018-11-18T04:25:31;5.6;27.5;61.0
2018-11-18T05:25:31;5.6;28.0;61.0
2018-11-18T06:25:31;5.5;27.5;61.0
2018-11-18T07:25:31;5.4;27.0;61.0
2018-11-18T08:25:31;5.9;28.0;61.0
2018-11-18T09:25:31;6.1;29.0;61.0
2018-11-18T10:25:31;6.5;30.0;61.0
2018-11-18T11:25:31;6.3;30.5;61.0
2018-11-18T12:25:31;6.3;31.5;61.0
2018-11-18T13:25:31;6.3;31.5;60.0
2018-11-18T14:25:31;6.2;31.5;60.0
2018-11-18T15:25:31;6.3;31.0;60.0
2018-11-18T16:25:31;6.3;31.5;60.0
2018-11-18T17:25:31;6.5;32.0;60.0
2018-11-18T18:25:31;6.4;31.5;61.0
2018-11-18T19:25:31;6.4;30.0;60.0
2018-11-18T20:25:31;6.0;31.0;60.0
2018-11-18T21:25:31;5.9;31.0;60.0
2018-11-18T22:25:31;5.8;31.0;60.0
2018-11-18T23:25:31;5.5;30.5;60.0
2018-11-19T00:25:31;5.2;30.5;60.0
2018-11-19T01:25:31;5.0;31.0;60.0
2018-11-19T02:25:31;5.2;31.0;60.0
2018-11-19T03:25:31;5.1;30.0;60.0
2018-11-19T04:25:31;4.8;30.5;60.0
2018-11-19T05:25:31;4.5;30.5;61.0
2018-11-19T06:25:31;4.3;30.0;60.0
2018-11-19T07:25:31;4.4;30.0;60.0
2018-11-19T08:25:31;4.0;30.0;60.0
2018-11-19T09:25:31;3.8;30.0;60.0
2018-11-19T10:25:31;3.4;29.5;60.0
2018-11-19T11:25:31;3.5;29.5;60.0
2018-11-19T12:25:31;3.5;29.5;60.0
2018-11-19T13:25:31;3.4;29.0;60.0
2018-11-19T14:25:31;3.1;29.0;60.0
2018-11-19T15:25:31;3.0;29.5;60.0
2018-11-19T16:25:31;2.8;28.0;59.0
2018-11-19T17:25:31;2.6;32.5;60.0
2018-11-19T18:25:31;2.8;32.5;62.0
2018-11-19T19:25:31;2.6;33.0;62.0
2018-11-19T20:25:31;2.8;33.0;62.0
2018-11-19T21:25:31;3.0;32.0;61.0
2018-11-19T22:25:31;2.9;31.0;61.0
2018-11-19T23:25:31;3.0;31.5;61.0
2018-11-20T00:25:31;2.9;32.0;61.0
2018-11-20T01:25:31;3.2;31.5;61.0
2018-11-20T02:25:31;3.3;31.0;61.0
2018-11-20T03:25:31;3.4;31.0;61.0
2018-11-20T04:25:31;3.4;31.0;61.0
2018-11-20T05:25:31;3.5;30.5;61.0
2018-11-20T06:25:31;3.5;29.5;61.0
2018-11-20T07:25:31;3.6;28.5;60.0
2018-11-20T08:25:31;3.9;29.0;60.0
2018-11-20T09:25:31;4.0;29.0;60.0
2018-11-20T10:25:31;4.0;29.0;60.0
2018-11-20T11:25:31;4.0;29.0;60.0
2018-11-20T12:25:31;4.0;29.0;60.0
2018-11-20T13:25:31;4.1;29.0;60.0
2018-11-20T14:25:31;4.3;29.0;60.0
2018-11-20T15:25:31;4.4;28.0;60.0
2018-11-20T16:25:31;4.4;31.5;61.0
2018-11-20T17:25:31;4.3;32.0;62.0
2018-11-20T18:25:31;4.2;31.5;62.0
2018-11-20T19:25:31;4.4;32.0;62.0
2018-11-20T20:25:31;4.5;30.5;62.0
2018-11-20T21:25:31;4.2;31.0;62.0
2018-11-20T22:25:31;4.1;31.5;62.0
2018-11-20T23:25:31;4.0;29.5;62.0
2018-11-21T00:25:31;4.0;24.0;60.0
2018-11-21T01:25:31;3.6;25.0;60.0
2018-11-21T02:25:31;3.4;27.0;61.0
2018-11-21T03:25:31;3.2;30.0;61.0
2018-11-21T04:25:31;3.1;31.0;61.0
2018-11-21T05:25:31;3.2;31.5;61.0
2018-11-21T06:25:31;3.4;31.0;60.0
2018-11-21T07:25:31;3.2;31.0;60.0
2018-11-21T08:25:31;3.0;31.5;60.0
2018-11-21T09:25:31;2.7;32.5;61.0
2018-11-21T10:25:31;2.7;32.5;61.0
2018-11-21T11:25:31;2.6;32.5;61.0
2018-11-21T12:25:31;2.4;33.0;61.0
2018-11-21T13:25:31;2.4;32.5;61.0
2018-11-21T14:25:31;2.2;32.5;61.0
2018-11-21T15:25:31;2.0;32.5;61.0
2018-11-21T16:25:31;2.0;33.0;61.0
2018-11-21T17:25:31;1.9;33.5;62.0
2018-11-21T18:25:31;1.8;34.0;62.0
2018-11-21T19:25:31;1.6;33.0;61.0
2018-11-21T20:25:31;1.4;34.0;61.0
2018-11-21T21:25:31;1.3;34.0;61.0
2018-11-21T22:25:31;1.3;32.5;60.0
2018-11-21T23:25:31;1.4;29.5;60.0
2018-11-22T00:25:31;1.4;30.0;60.0
2018-11-22T01:25:31;1.3;31.5;60.0
2018-11-22T02:25:31;1.3;31.0;60.0
2018-11-22T03:25:31;1.3;30.5;60.0
2018-11-22T04:25:31;1.3;30.5;60.0
2018-11-22T05:25:31;1.4;30.0;60.0
2018-11-22T06:25:31;1.3;30.0;60.0
2018-11-22T07:25:31;1.2;29.5;60.0
2018-11-22T08:25:31;1.2;29.0;60.0
2018-11-22T09:25:31;1.3;29.0;60.0
2018-11-22T10:25:31;1.2;28.5;60.0
2018-11-22T11:25:31;1.2;28.5;60.0
2018-11-22T12:25:31;1.3;28.0;60.0
2018-11-22T13:25:31;1.3;28.0;60.0
2018-11-22T14:25:31;1.3;28.0;60.0
2018-11-22T15:25:31;1.3;28.5;60.0
2018-11-22T16:25:31;1.4;29.0;61.0
2018-11-22T17:25:31;1.3;30.0;61.0
2018-11-22T18:25:31;1.4;31.0;61.0
2018-11-22T19:25:31;1.5;30.5;61.0
2018-11-22T20:25:31;1.5;30.0;61.0
2018-11-22T21:25:31;1.6;29.5;61.0
2018-11-22T22:25:31;1.6;30.0;61.0
2018-11-22T23:25:31;1.5;30.5;60.0
2018-11-23T00:25:31;1.4;30.5;60.0
2018-11-23T01:25:31;1.5;30.0;60.0
2018-11-23T02:25:31;1.5;29.5;60.0
2018-11-23T03:25:31;1.6;29.0;60.0
2018-11-23T04:25:31;1.7;31.0;60.0
2018-11-23T05:25:31;1.6;31.0;60.0
2018-11-23T06:25:31;1.8;30.5;60.0
2018-11-23T07:25:31;2.0;31.5;60.0
2018-11-23T08:25:31;2.1;32.0;60.0
2018-11-23T09:25:31;2.2;32.0;60.0
2018-11-23T10:25:31;2.4;32.0;60.0
2018-11-23T11:25:31;2.4;32.0;60.0
2018-11-23T12:25:31;2.4;32.5;60.0
2018-11-23T13:25:31;2.5;32.5;60.0
2018-11-23T14:25:31;2.7;33.0;60.0
2018-11-23T15:25:31;2.8;33.5;60.0
2018-11-23T16:25:31;2.8;34.0;61.0
2018-11-23T17:25:31;2.7;34.0;61.0
2018-11-23T18:25:31;2.6;33.0;60.0
2018-11-23T19:25:31;2.6;33.5;61.0
2018-11-23T20:25:31;2.6;30.0;60.0
2018-11-23T21:25:31;2.6;28.5;59.0
2018-11-23T22:25:31;2.6;28.5;60.0
2018-11-23T23:25:31;2.6;29.5;60.0
2018-11-24T00:25:31;2.6;31.0;60.0
2018-11-24T01:25:31;2.7;34.0;60.0
2018-11-24T02:25:31;2.7;34.5;60.0
2018-11-24T03:25:31;2.6;34.5;60.0
2018-11-24T04:25:31;2.6;34.0;60.0
2018-11-24T05:25:31;2.4;33.0;60.0
2018-11-24T06:25:31;2.1;32.5;60.0
2018-11-24T07:25:31;2.0;33.0;60.0
2018-11-24T08:25:31;1.9;33.0;60.0
2018-11-24T09:25:31;1.7;33.0;60.0
2018-11-24T10:25:31;1.5;33.5;60.0
2018-11-24T11:25:31;1.7;33.5;60.0
2018-11-24T12:25:31;1.6;33.0;60.0
2018-11-24T13:25:31;1.7;33.0;60.0
2018-11-24T14:25:31;1.7;33.0;60.0
2018-11-24T15:25:31;1.7;33.0;60.0
2018-11-24T16:25:31;1.8;33.5;61.0
2018-11-24T17:25:31;1.9;33.0;61.0
2018-11-24T18:25:31;1.9;33.5;60.0
2018-11-24T19:25:31;2.0;33.5;60.0
2018-11-24T20:25:31;2.1;35.5;60.0
2018-11-24T21:25:31;2.1;37.5;60.0
2018-11-24T22:25:31;2.3;38.5;60.0
2018-11-24T23:25:31;2.4;37.0;60.0
2018-11-25T00:25:31;2.5;36.0;60.0
2018-11-25T01:25:31;2.5;35.5;60.0
2018-11-25T02:25:31;2.6;35.5;60.0
2018-11-25T03:25:31;2.5;36.0;60.0
2018-11-25T04:25:31;2.5;36.0;60.0
2018-11-25T05:25:31;2.6;34.0;61.0
2018-11-25T06:25:31;2.5;32.5;60.0
2018-11-25T07:25:31;2.6;31.0;60.0
2018-11-25T08:25:31;2.6;30.0;60.0
2018-11-25T09:25:31;2.7;29.5;60.0
2018-11-25T10:25:31;2.7;29.0;60.0
2018-11-25T11:25:31;2.6;29.0;60.0
2018-11-25T12:25:31;2.5;28.5;60.0
2018-11-25T13:25:31;2.4;28.5;60.0
2018-11-25T14:25:31;2.4;28.0;60.0
2018-11-25T15:25:31;2.3;27.5;60.0
2018-11-25T16:25:31;2.2;28.0;61.0
2018-11-25T17:25:31;2.2;28.0;61.0
2018-11-25T18:25:31;2.2;27.5;61.0
2018-11-25T19:25:31;2.0;26.0;61.0
2018-11-25T20:25:31;1.9;25.0;60.0
2018-11-25T21:25:31;1.9;23.5;60.0
2018-11-25T22:25:31;1.8;22.5;60.0
2018-11-25T23:25:31;1.6;22.5;60.0
2018-11-26T00:25:31;1.6;22.5;60.0
2018-11-26T01:25:31;1.4;23.5;60.0
2018-11-26T02:25:31;1.4;25.0;60.0
2018-11-26T03:25:31;1.5;25.0;60.0
2018-11-26T04:25:31;1.4;26.0;60.0
2018-11-26T05:25:31;1.5;26.5;60.0
2018-11-26T06:25:31;1.5;26.0;60.0
2018-11-26T07:25:31;1.3;26.5;60.0
2018-11-26T08:25:31;1.2;26.5;60.0
2018-11-26T09:25:31;1.3;26.5;60.0
2018-11-26T10:25:31;1.3;26.5;60.0
2018-11-26T11:25:31;1.2;26.0;60.0
2018-11-26T12:25:31;1.2;26.0;60.0
2018-11-26T13:25:31;1.2;26.0;60.0
2018-11-26T14:25:31;1.1;26.0;60.0
2018-11-26T15:25:31;1.1;26.0;60.0
2018-11-26T16:25:31;1.1;26.5;60.0
2018-11-26T17:25:31;1.1;26.5;60.0
2018-11-26T18:25:31;1.1;26.0;60.0
2018-11-26T19:25:31;1.1;26.0;60.0
2018-11-26T20:25:31;1.2;25.0;60.0
2018-11-26T21:25:31;1.3;24.0;60.0
2018-11-26T22:25:31;1.4;24.0;59.0
2018-11-26T23:25:31;1.5;24.0;59.0
2018-11-27T00:25:31;1.6;24.5;59.0
2018-11-27T01:25:31;1.5;25.0;59.0
2018-11-27T02:25:31;1.6;25.5;59.0
2018-11-27T03:25:31;1.6;25.5;59.0
2018-11-27T04:25:31;1.7;26.0;60.0
2018-11-27T05:25:31;1.6;25.5;60.0
2018-11-27T06:25:31;1.8;25.5;60.0
2018-11-27T07:25:31;1.9;25.5;60.0
2018-11-27T08:25:31;2.0;25.5;60.0
2018-11-27T09:25:31;1.9;25.5;60.0
2018-11-27T10:25:31;1.8;25.5;60.0
2018-11-27T11:25:31;1.8;25.0;60.0
2018-11-27T12:25:31;1.9;25.5;60.0
2018-11-27T13:25:31;1.9;25.0;60.0
2018-11-27T14:25:31;2.0;25.0;60.0
2018-11-27T15:25:31;2.2;25.5;60.0
2018-11-27T16:25:31;2.1;26.0;60.0
2018-11-27T17:25:31;2.2;25.5;60.0
2018-11-27T18:25:31;2.3;25.5;60.0
2018-11-27T19:25:31;2.2;25.0;60.0
2018-11-27T20:25:31;2.3;24.5;60.0
2018-11-27T21:25:31;2.2;21.5;59.0
2018-11-27T22:25:31;2.1;24.5;60.0
2018-11-27T23:25:31;2.0;25.5;60.0
2018-11-28T00:25:31;1.9;26.5;60.0
2018-11-28T01:25:31;1.9;27.0;60.0
2018-11-28T02:25:31;1.8;26.5;60.0
2018-11-28T03:25:31;1.6;26.0;60.0
2018-11-28T04:25:31;1.5;26.0;60.0
2018-11-28T05:25:31;1.6;25.5;60.0
2018-11-28T06:25:31;1.5;25.0;60.0
2018-11-28T07:25:31;1.7;25.0;60.0
2018-11-28T08:25:31;1.8;25.0;60.0
2018-11-28T09:25:31;2.1;25.0;60.0
2018-11-28T10:25:31;2.2;25.0;60.0
2018-11-28T11:25:31;2.4;25.5;60.0
2018-11-28T12:25:31;2.4;25.0;60.0
2018-11-28T13:25:31;2.3;25.0;60.0
2018-11-28T14:25:31;2.5;25.0;60.0
2018-11-28T15:24:42;2.4;25.5;60.0
2018-11-28T16:24:42;2.7;26.5;60.0
2018-11-28T17:24:42;2.7;27.0;60.0
2018-11-28T18:24:42;2.8;27.0;60.0
2018-11-28T19:24:42;2.9;25.0;60.0
2018-11-28T20:24:42;2.8;22.0;60.0
2018-11-28T21:24:42;2.9;24.5;60.0
2018-11-28T22:24:42;2.8;25.0;60.0
2018-11-28T23:24:42;2.9;26.0;60.0
2018-11-29T00:24:42;3.1;27.0;60.0
2018-11-29T01:24:42;3.1;27.5;60.0
2018-11-29T02:24:42;3.1;28.0;60.0
2018-11-29T03:24:42;3.2;28.5;60.0
2018-11-29T04:24:42;3.2;29.0;60.0
2018-11-29T05:24:42;3.3;29.0;60.0
2018-11-29T06:24:42;3.3;28.0;60.0
2018-11-29T07:24:42;3.3;27.0;60.0
2018-11-29T08:24:42;3.3;26.5;60.0
2018-11-29T09:24:42;3.4;26.5;60.0
2018-11-29T10:24:42;3.5;28.0;60.0
2018-11-29T11:24:42;3.6;28.5;60.0
2018-11-29T12:24:42;3.6;29.0;60.0
2018-11-29T13:24:42;3.6;29.0;60.0
2018-11-29T14:24:42;3.3;29.0;60.0
2018-11-29T15:24:42;3.4;29.5;61.0
2018-11-29T16:24:42;3.2;30.0;61.0
2018-11-29T17:24:42;3.2;29.5;62.0
2018-11-29T18:24:42;3.1;28.5;62.0
2018-11-29T19:24:42;3.1;29.0;61.0
2018-11-29T20:24:42;3.0;28.5;61.0
2018-11-29T21:24:42;2.9;24.0;60.0
2018-11-29T22:24:42;2.8;23.0;60.0
2018-11-29T23:24:42;2.8;24.5;60.0
2018-11-30T00:24:42;2.8;25.0;60.0
2018-11-30T01:24:42;2.7;25.5;60.0
2018-11-30T02:24:42;2.6;26.5;60.0
2018-11-30T03:24:42;2.6;27.0;60.0
2018-11-30T04:24:42;2.6;28.5;61.0
2018-11-30T05:24:42;2.6;28.5;61.0
2018-11-30T06:24:42;2.5;28.0;60.0
2018-11-30T07:24:42;2.3;28.0;60.0
2018-11-30T08:24:42;2.4;27.5;60.0
2018-11-30T09:24:42;2.3;27.5;60.0
2018-11-30T10:24:42;2.5;29.5;60.0
2018-11-30T11:24:42;2.4;30.0;60.0
2018-11-30T12:24:42;2.3;30.5;60.0
2018-11-30T13:24:42;2.4;31.0;61.0
2018-11-30T14:24:42;2.5;32.0;61.0
2018-11-30T15:24:42;2.7;32.5;61.0
2018-11-30T16:24:42;2.7;33.0;61.0
2018-11-30T17:24:42;2.6;32.5;61.0
2018-11-30T18:24:42;2.7;33.0;61.0
2018-11-30T19:24:42;2.7;33.0;61.0
2018-11-30T20:24:42;2.8;33.0;61.0
2018-11-30T21:24:42;2.8;32.0;61.0
2018-11-30T22:24:42;2.9;32.5;61.0
2018-11-30T23:24:42;2.9;32.5;61.0
2018-12-01T00:24:42;2.9;32.0;61.0
2018-12-01T01:24:42;3.0;32.0;61.0
2018-12-01T02:24:42;3.1;32.0;61.0
2018-12-01T03:24:42;3.2;31.0;60.0
2018-12-01T04:24:42;3.1;31.0;60.0
2018-12-01T05:24:42;3.0;31.5;61.0
2018-12-01T06:24:42;2.9;31.0;60.0
2018-12-01T07:24:42;2.9;31.5;60.0
2018-12-01T08:24:42;2.8;32.0;61.0
2018-12-01T09:24:42;2.5;32.5;61.0
2018-12-01T10:24:42;2.2;33.0;61.0
2018-12-01T11:24:42;2.0;33.0;61.0
2018-12-01T12:24:42;2.0;33.0;61.0
2018-12-01T13:24:42;2.0;33.0;61.0
2018-12-01T14:24:42;1.9;33.0;61.0
2018-12-01T15:24:42;1.6;32.5;60.0
2018-12-01T16:24:42;1.6;33.5;61.0
2018-12-01T17:24:42;1.6;34.5;62.0
2018-12-01T18:24:42;1.5;34.0;62.0
2018-12-01T19:24:42;1.5;33.0;61.0
2018-12-01T20:24:42;1.5;32.5;61.0
2018-12-01T21:24:42;1.5;31.0;61.0
2018-12-01T22:24:42;1.4;30.0;60.0
2018-12-01T23:24:42;1.4;28.5;60.0
2018-12-02T00:24:42;1.4;28.0;60.0
2018-12-02T01:24:42;1.3;27.5;60.0
2018-12-02T02:24:42;1.3;27.0;60.0
2018-12-02T03:24:42;1.3;28.0;60.0
2018-12-02T04:24:42;1.5;29.0;60.0
2018-12-02T05:24:42;1.5;29.0;60.0
2018-12-02T06:24:42;1.5;29.5;60.0
2018-12-02T07:24:42;1.5;30.5;60.0
2018-12-02T08:24:42;1.7;31.5;61.0
2018-12-02T09:24:42;1.9;33.0;61.0
2018-12-02T10:24:42;1.8;33.5;61.0
2018-12-02T11:24:42;1.8;34.0;61.0
2018-12-02T12:24:42;1.6;35.0;61.0
2018-12-02T13:24:42;1.5;35.5;61.0
2018-12-02T14:24:42;1.5;36.0;61.0
2018-12-02T15:24:42;1.5;35.5;60.0
2018-12-02T16:24:42;1.5;36.0;61.0
2018-12-02T17:24:42;1.5;36.5;61.0
2018-12-02T18:24:42;1.6;36.5;61.0
2018-12-02T19:24:42;1.6;37.0;60.0
2018-12-02T20:24:42;1.5;37.0;60.0
2018-12-02T21:24:42;1.4;37.0;60.0
2018-12-02T22:24:42;1.5;36.0;60.0
2018-12-02T23:24:42;1.5;34.5;59.0
2018-12-03T00:24:42;1.3;34.0;59.0
2018-12-03T01:24:42;1.3;32.5;59.0
2018-12-03T02:24:42;1.3;32.5;59.0
2018-12-03T03:24:42;1.1;32.0;59.0
2018-12-03T04:24:42;1.0;31.5;59.0
2018-12-03T05:24:42;1.0;30.5;59.0
2018-12-03T06:24:42;1.0;30.5;59.0
2018-12-03T07:24:42;0.9;31.0;59.0
2018-12-03T08:24:42;0.9;31.5;59.0
2018-12-03T09:24:42;0.7;32.0;59.0
2018-12-03T10:24:42;0.8;32.0;59.0
2018-12-03T11:24:42;0.8;32.0;59.0
2018-12-03T12:24:42;0.9;32.0;59.0
2018-12-03T13:24:42;0.9;32.0;59.0
2018-12-03T14:24:42;0.8;32.0;59.0
2018-12-03T15:24:42;0.9;32.0;59.0
2018-12-03T16:24:42;0.9;32.0;59.0
2018-12-03T17:24:42;1.0;32.0;59.0
2018-12-03T18:24:42;0.9;31.0;59.0
2018-12-03T19:24:42;0.9;30.5;58.0
2018-12-03T20:24:42;0.9;30.0;58.0
2018-12-03T21:24:42;1.0;29.5;58.0
2018-12-03T22:24:42;1.0;29.0;58.0
2018-12-03T23:24:42;1.0;27.5;58.0
2018-12-04T00:24:42;1.0;27.0;58.0
2018-12-04T01:24:42;1.1;27.5;58.0
2018-12-04T02:24:42;1.0;28.0;58.0
2018-12-04T03:24:42;1.0;28.5;58.0
2018-12-04T04:24:42;1.0;30.5;59.0
2018-12-04T05:24:42;1.0;30.5;59.0
2018-12-04T06:24:42;1.1;31.0;59.0
2018-12-04T07:24:42;1.1;31.0;58.0
2018-12-04T08:24:42;1.1;30.5;58.0
2018-12-04T09:24:42;1.2;30.5;58.0
2018-12-04T10:24:42;1.2;30.5;59.0
2018-12-04T11:24:42;1.2;30.0;58.0
2018-12-04T12:24:42;1.2;30.5;58.0
2018-12-04T13:24:42;1.2;30.0;58.0
2018-12-04T14:24:42;1.2;30.0;58.0
2018-12-04T15:24:42;1.2;30.5;59.0
2018-12-04T16:24:42;1.3;31.0;59.0
2018-12-04T17:24:42;1.2;30.5;59.0
2018-12-04T18:24:42;1.2;29.5;58.0
2018-12-04T19:24:42;1.2;28.5;58.0
2018-12-04T20:24:42;1.3;27.5;58.0
2018-12-04T21:24:42;1.2;26.5;58.0
2018-12-04T22:24:42;1.3;26.0;58.0
2018-12-04T23:24:42;1.2;26.0;58.0
2018-12-05T00:24:42;1.2;25.0;57.0
2018-12-05T01:24:42;1.3;26.0;58.0
2018-12-05T02:24:42;1.3;26.5;58.0
2018-12-05T03:24:42;1.3;27.5;58.0
2018-12-05T04:24:42;1.3;28.5;58.0
2018-12-05T05:24:42;1.3;28.0;58.0
2018-12-05T06:24:42;1.4;27.5;58.0
2018-12-05T07:24:42;1.5;28.5;58.0
2018-12-05T08:24:42;1.3;29.0;58.0
2018-12-05T09:24:42;1.4;29.5;58.0
2018-12-05T10:24:42;1.4;29.0;58.0
2018-12-05T11:24:42;1.4;29.5;58.0
2018-12-05T12:24:42;1.4;29.0;58.0
2018-12-05T13:24:42;1.5;29.0;58.0
2018-12-05T14:24:42;1.5;29.0;58.0
2018-12-05T15:24:42;1.5;29.0;59.0
2018-12-05T16:24:42;1.5;28.5;59.0
2018-12-05T17:24:42;1.3;28.0;58.0
2018-12-05T18:24:42;1.3;27.5;58.0
2018-12-05T19:24:42;1.4;27.0;58.0
2018-12-05T20:24:42;1.4;27.0;58.0
2018-12-05T21:24:42;1.6;26.5;57.0
2018-12-05T22:24:42;1.6;26.5;57.0
2018-12-05T23:24:42;1.6;27.0;57.0
2018-12-06T00:24:42;1.6;27.5;57.0
2018-12-06T01:24:42;1.6;28.0;58.0
2018-12-06T02:24:42;1.8;28.5;57.0
2018-12-06T03:24:42;1.8;28.0;57.0
2018-12-06T04:24:42;2.0;28.5;57.0
2018-12-06T05:24:42;2.1;28.0;57.0
2018-12-06T06:24:42;2.2;28.0;57.0
2018-12-06T07:24:42;2.2;28.0;57.0
2018-12-06T08:24:42;2.3;28.0;57.0
2018-12-06T09:24:42;2.3;28.5;57.0
2018-12-06T10:24:42;2.6;28.0;57.0
2018-12-06T11:24:42;2.8;28.0;57.0
2018-12-06T12:24:42;2.8;28.0;57.0
2018-12-06T13:24:42;2.8;28.0;57.0
2018-12-06T14:24:42;3.0;28.0;57.0
2018-12-06T15:24:42;3.2;28.5;58.0
2018-12-06T16:24:42;3.4;28.5;58.0
2018-12-06T17:24:42;3.5;28.5;58.0
2018-12-06T18:24:42;3.7;28.5;57.0
2018-12-06T19:24:42;3.6;29.5;57.0
2018-12-06T20:24:42;3.5;30.5;57.0
2018-12-06T21:24:42;3.4;31.5;57.0
2018-12-06T22:24:42;3.5;32.5;57.0
2018-12-06T23:24:42;3.5;33.5;57.0
2018-12-07T00:24:42;3.5;34.0;57.0
2018-12-07T01:24:42;3.6;34.0;57.0
2018-12-07T02:24:42;3.4;34.5;57.0
2018-12-07T03:24:42;3.6;35.0;57.0
2018-12-07T04:24:42;3.6;35.5;57.0
2018-12-07T05:24:42;3.8;36.5;58.0
2018-12-07T06:24:42;3.9;37.0;58.0
2018-12-07T07:24:42;3.9;36.5;58.0
2018-12-07T08:24:42;3.9;36.0;58.0
2018-12-07T09:24:42;3.6;36.0;58.0
2018-12-07T10:24:42;3.4;36.5;58.0
2018-12-07T11:24:42;3.5;36.5;58.0
2018-12-07T12:24:42;3.4;36.5;58.0
2018-12-07T13:24:42;3.4;37.0;58.0
2018-12-07T14:24:42;3.1;37.0;58.0
2018-12-07T15:24:42;2.9;37.5;58.0
2018-12-07T16:24:42;2.9;38.0;58.0
2018-12-07T17:24:42;2.8;38.0;58.0
2018-12-07T18:24:42;2.6;38.0;58.0
2018-12-07T19:24:42;2.5;39.0;58.0
2018-12-07T20:24:42;2.5;41.0;58.0
2018-12-07T21:24:42;2.3;41.5;59.0
2018-12-07T22:24:42;2.1;42.0;58.0
2018-12-07T23:24:42;2.2;41.5;58.0
2018-12-08T00:24:42;2.1;42.0;58.0
2018-12-08T01:24:42;2.0;42.0;58.0
2018-12-08T02:24:42;2.0;42.0;58.0
2018-12-08T03:24:42;1.8;42.5;58.0
2018-12-08T04:24:42;1.8;43.0;58.0
2018-12-08T05:24:42;1.6;42.5;58.0
2018-12-08T06:24:42;1.3;42.5;58.0
2018-12-08T07:24:42;1.2;42.0;58.0
2018-12-08T08:24:42;1.3;41.5;58.0
2018-12-08T09:24:42;1.3;41.5;58.0
2018-12-08T10:24:42;1.3;40.5;58.0
2018-12-08T11:24:42;1.1;40.5;58.0
2018-12-08T12:24:42;1.1;40.0;58.0
2018-12-08T13:24:42;1.0;39.5;58.0
2018-12-08T14:24:42;1.1;39.5;58.0
2018-12-08T15:24:42;1.1;39.0;58.0
2018-12-08T16:24:42;1.0;39.0;59.0
2018-12-08T17:24:42;1.1;40.0;59.0
2018-12-08T18:24:42;1.1;40.0;59.0
2018-12-08T19:24:42;1.1;39.5;59.0
2018-12-08T20:24:42;1.1;39.5;59.0
2018-12-08T21:24:42;1.2;38.5;58.0
2018-12-08T22:24:42;1.2;38.0;58.0
2018-12-08T23:24:42;1.2;37.5;58.0
2018-12-09T00:24:42;1.2;37.0;58.0
2018-12-09T01:24:42;1.2;36.5;58.0
2018-12-09T02:24:42;1.1;36.5;57.0
2018-12-09T03:24:42;1.1;36.0;57.0
2018-12-09T04:24:42;1.1;35.5;57.0
2018-12-09T05:24:42;1.1;35.0;57.0
2018-12-09T06:24:42;1.2;34.5;57.0
2018-12-09T07:24:42;1.2;35.5;58.0
2018-12-09T08:24:42;1.1;36.5;59.0
2018-12-09T09:24:42;1.1;37.0;59.0
2018-12-09T10:24:42;1.1;37.0;59.0
2018-12-09T11:24:42;1.1;37.0;59.0
2018-12-09T12:24:42;1.1;37.0;59.0
2018-12-09T13:24:42;1.0;37.0;59.0
2018-12-09T14:24:42;1.0;36.0;59.0
2018-12-09T15:24:42;0.9;35.5;58.0
2018-12-09T16:24:42;1.0;36.0;59.0
2018-12-09T17:24:42;0.9;36.0;60.0
2018-12-09T18:24:42;0.9;36.0;59.0
2018-12-09T19:24:42;1.0;35.5;59.0
2018-12-09T20:24:42;1.0;34.5;58.0
2018-12-09T21:24:42;1.1;33.5;58.0
2018-12-09T22:24:42;1.1;33.0;58.0
2018-12-09T23:24:42;1.1;32.5;58.0
2018-12-10T00:24:42;1.2;32.5;58.0
2018-12-10T01:24:42;1.2;33.5;58.0
2018-12-10T02:24:42;1.3;34.0;58.0
2018-12-10T03:24:42;1.3;34.0;58.0
2018-12-10T04:24:42;1.3;34.5;59.0
2018-12-10T05:23:49;1.2;35.5;59.0
2018-12-10T06:23:49;1.1;35.5;58.0
2018-12-10T07:23:49;1.1;35.5;59.0
2018-12-10T08:23:49;1.1;35.5;59.0
2018-12-10T09:23:49;1.2;35.5;59.0
2018-12-10T10:23:49;1.2;35.5;59.0
2018-12-10T11:23:49;1.3;35.0;59.0
2018-12-10T12:23:49;1.4;34.5;59.0
2018-12-10T13:23:49;1.5;34.5;59.0
2018-12-10T14:23:49;1.5;34.0;59.0
2018-12-10T15:23:49;1.5;34.5;59.0
2018-12-10T16:23:49;1.4;34.0;59.0
2018-12-10T17:23:49;1.4;33.5;59.0
2018-12-10T18:23:49;1.4;33.5;59.0
2018-12-10T19:23:49;1.4;33.0;58.0
2018-12-10T20:23:49;1.4;32.0;58.0
2018-12-10T21:23:49;1.4;32.0;58.0
2018-12-10T22:23:49;1.5;32.0;58.0
2018-12-10T23:23:49;1.5;32.5;58.0
2018-12-11T00:23:49;1.5;32.5;58.0
2018-12-11T01:23:49;1.5;32.0;58.0
2018-12-11T02:23:49;1.5;32.5;58.0
2018-12-11T03:23:49;1.5;32.0;58.0
2018-12-11T04:23:49;1.5;32.5;58.0
2018-12-11T05:23:49;1.6;31.5;58.0
2018-12-11T06:23:49;1.7;31.5;58.0
2018-12-11T07:23:49;1.7;32.5;58.0
2018-12-11T08:23:49;1.7;33.0;58.0
2018-12-11T09:23:49;2.0;33.5;58.0
2018-12-11T10:23:49;2.0;33.5;58.0
2018-12-11T11:23:49;2.0;34.0;58.0
2018-12-11T12:23:49;1.8;34.0;58.0
2018-12-11T13:23:49;1.9;33.5;58.0
2018-12-11T14:23:49;1.9;33.5;58.0
2018-12-11T15:23:49;2.1;34.0;59.0
2018-12-11T16:23:49;2.1;34.0;59.0
2018-12-11T17:23:49;2.2;34.0;59.0
2018-12-11T18:23:49;2.2;34.0;59.0
2018-12-11T19:23:49;2.2;34.0;59.0
2018-12-11T20:23:49;2.1;34.0;58.0
2018-12-11T21:23:49;1.9;33.5;58.0
2018-12-11T22:23:49;1.8;33.5;58.0
2018-12-11T23:23:49;2.0;34.5;58.0
2018-12-12T00:23:49;2.1;35.0;58.0
2018-12-12T01:23:49;2.2;35.5;58.0
2018-12-12T02:23:49;2.3;35.5;59.0
2018-12-12T03:23:49;2.2;35.0;58.0
2018-12-12T04:23:49;2.1;35.0;59.0
2018-12-12T05:23:49;2.1;34.5;58.0
2018-12-12T06:23:49;2.1;34.5;58.0
2018-12-12T07:23:49;2.1;34.5;58.0
2018-12-12T08:23:49;2.2;34.5;58.0
2018-12-12T09:23:49;2.0;34.5;58.0
2018-12-12T10:23:49;2.0;34.5;58.0
2018-12-12T11:23:49;1.9;34.5;59.0
2018-12-12T12:23:49;1.9;34.0;58.0
2018-12-12T13:23:49;1.9;34.0;59.0
2018-12-12T14:23:49;1.9;33.5;58.0
2018-12-12T15:23:49;2.1;34.0;59.0
2018-12-12T16:23:49;2.1;34.0;59.0
2018-12-12T17:23:49;2.1;34.0;59.0
2018-12-12T18:23:49;2.2;34.0;58.0
2018-12-12T19:23:49;2.4;34.0;58.0
2018-12-12T20:23:49;2.6;33.0;58.0
2018-12-12T21:23:49;2.5;33.0;58.0
2018-12-12T22:23:49;2.6;32.5;58.0
2018-12-12T23:23:49;2.6;34.5;58.0
2018-12-13T00:23:49;2.6;34.5;58.0
2018-12-13T01:23:49;2.5;35.0;58.0
2018-12-13T02:23:49;2.6;35.0;58.0
2018-12-13T03:23:49;2.7;35.5;58.0
2018-12-13T04:23:49;2.9;36.5;58.0
2018-12-13T05:23:49;3.1;35.5;59.0
2018-12-13T06:23:49;3.1;33.5;58.0
2018-12-13T07:23:49;3.2;33.0;58.0
2018-12-13T08:23:49;3.2;32.5;58.0
2018-12-13T09:23:49;3.2;32.5;58.0
2018-12-13T10:23:49;3.1;32.0;58.0
2018-12-13T11:23:49;3.2;32.0;58.0
2018-12-13T12:23:49;3.2;32.0;58.0
2018-12-13T13:23:49;3.0;31.5;58.0
2018-12-13T14:23:49;2.9;31.5;58.0
2018-12-13T15:23:49;2.7;32.0;59.0
2018-12-13T16:23:49;2.6;31.5;59.0
2018-12-13T17:23:49;2.5;31.0;59.0
2018-12-13T18:23:49;2.3;30.0;58.0
2018-12-13T19:23:49;2.1;29.5;58.0
2018-12-13T20:23:49;2.0;29.0;58.0
2018-12-13T21:23:49;2.1;29.0;58.0
2018-12-13T22:23:49;2.0;28.0;58.0
2018-12-13T23:23:49;1.8;28.5;58.0
2018-12-14T00:23:49;1.5;28.0;58.0
2018-12-14T01:23:49;1.3;27.0;57.0
2018-12-14T02:23:49;1.2;27.5;58.0
2018-12-14T03:23:49;1.2;28.5;58.0
2018-12-14T04:23:49;1.1;29.5;58.0
2018-12-14T05:23:49;1.0;29.0;58.0
2018-12-14T06:23:49;1.0;28.0;58.0
2018-12-14T07:23:49;0.9;28.5;58.0
2018-12-14T08:23:49;0.8;29.0;58.0
2018-12-14T09:23:49;0.8;29.0;58.0
2018-12-14T10:23:49;0.7;28.5;58.0
2018-12-14T11:23:49;0.7;28.5;58.0
2018-12-14T12:23:49;0.7;28.5;58.0
2018-12-14T13:23:49;0.8;28.0;58.0
2018-12-14T14:23:49;0.8;28.0;58.0
2018-12-14T15:23:49;0.8;28.5;59.0
2018-12-14T16:23:49;0.8;28.5;59.0
2018-12-14T17:23:49;0.8;28.0;59.0
2018-12-14T18:23:49;0.9;28.0;58.0
2018-12-14T19:23:49;1.0;27.5;58.0
2018-12-14T20:23:49;1.0;27.0;58.0
2018-12-14T21:23:49;1.0;26.5;57.0
2018-12-14T22:23:49;1.0;26.0;57.0
2018-12-14T23:23:49;1.0;25.5;57.0
2018-12-15T00:23:49;1.1;26.0;57.0
2018-12-15T01:23:49;1.0;26.0;57.0
2018-12-15T02:23:49;1.1;27.5;58.0
2018-12-15T03:23:49;1.1;27.5;58.0
2018-12-15T04:23:49;1.0;28.0;57.0
2018-12-15T05:23:49;1.1;28.0;57.0
2018-12-15T06:23:49;1.0;29.0;58.0
2018-12-15T07:23:49;1.0;29.0;58.0
2018-12-15T08:23:49;1.2;29.0;58.0
2018-12-15T09:23:49;1.2;29.5;58.0
2018-12-15T10:23:49;1.3;29.5;58.0
2018-12-15T11:23:49;1.3;29.5;58.0
2018-12-15T12:23:49;1.3;29.5;58.0
2018-12-15T13:23:49;1.3;29.5;58.0
2018-12-15T14:23:49;1.3;29.0;58.0
2018-12-15T15:23:49;1.4;28.5;58.0
2018-12-15T16:23:49;1.4;29.5;59.0
2018-12-15T17:23:49;1.4;30.0;59.0
2018-12-15T18:23:49;1.4;29.5;58.0
2018-12-15T19:23:49;1.4;28.5;58.0
2018-12-15T20:23:49;1.4;29.0;58.0
2018-12-15T21:23:49;1.4;29.5;58.0
2018-12-15T22:23:49;1.4;29.0;58.0
2018-12-15T23:23:49;1.4;30.0;58.0
2018-12-16T00:23:49;1.4;29.5;58.0
2018-12-16T01:23:49;1.4;30.0;58.0
2018-12-16T02:23:49;1.5;30.5;58.0
2018-12-16T03:23:49;1.4;31.5;58.0
2018-12-16T04:23:49;1.4;31.0;58.0
2018-12-16T05:23:49;1.4;31.5;58.0
2018-12-16T06:23:49;1.4;31.5;58.0
2018-12-16T07:23:49;1.5;31.0;58.0
2018-12-16T08:23:49;1.4;30.0;58.0
2018-12-16T09:23:49;1.3;30.0;58.0
2018-12-16T10:23:49;1.2;29.5;58.0
2018-12-16T11:23:49;1.2;29.5;58.0
2018-12-16T12:23:49;1.3;29.5;58.0
2018-12-16T13:23:49;1.4;29.0;58.0
2018-12-16T14:23:49;1.4;29.0;58.0
2018-12-16T15:23:49;1.3;28.0;57.0
2018-12-16T16:23:49;1.3;29.0;58.0
2018-12-16T17:23:49;1.5;29.5;59.0
2018-12-16T18:23:49;1.5;30.0;59.0
2018-12-16T19:23:49;1.6;29.5;58.0
2018-12-16T20:23:49;1.7;29.0;58.0
2018-12-16T21:23:49;1.7;28.0;57.0
2018-12-16T22:23:49;1.7;28.0;57.0
2018-12-16T23:23:49;1.7;30.0;58.0
2018-12-17T00:23:49;1.7;31.0;58.0
2018-12-17T01:23:49;1.8;32.0;58.0
2018-12-17T02:23:49;1.8;31.5;58.0
2018-12-17T03:23:49;2.1;32.0;58.0
2018-12-17T04:23:49;2.0;32.5;58.0
2018-12-17T05:23:49;1.9;32.0;58.0
2018-12-17T06:23:49;2.2;33.0;58.0
2018-12-17T07:23:49;2.2;32.5;58.0
2018-12-17T08:23:49;2.2;32.5;58.0
2018-12-17T09:23:49;2.2;32.5;58.0
2018-12-17T10:23:49;2.3;32.5;58.0
2018-12-17T11:23:49;2.4;32.5;58.0
2018-12-17T12:23:49;2.4;32.5;58.0
2018-12-17T13:23:49;2.2;32.0;58.0
2018-12-17T14:23:49;2.3;32.0;58.0
2018-12-17T15:23:49;2.5;32.0;58.0
2018-12-17T16:23:49;2.6;32.5;59.0
2018-12-17T17:23:49;2.3;33.0;59.0
2018-12-17T18:23:49;2.2;32.5;59.0
2018-12-17T19:23:49;2.2;33.0;59.0
2018-12-17T20:23:49;2.0;33.0;59.0
2018-12-17T21:23:49;2.0;32.5;58.0
2018-12-17T22:23:49;2.1;32.0;58.0
2018-12-17T23:23:49;1.9;33.0;58.0
2018-12-18T00:23:49;1.9;34.0;58.0
2018-12-18T01:23:49;1.8;34.5;58.0
2018-12-18T02:23:49;1.8;35.5;58.0
2018-12-18T03:23:49;1.6;36.0;58.0
2018-12-18T04:23:49;1.7;37.0;59.0
2018-12-18T05:23:49;2.1;37.5;59.0
2018-12-18T06:23:49;1.9;38.0;58.0
2018-12-18T07:23:49;1.9;37.5;58.0
2018-12-18T08:23:49;1.9;38.5;58.0
2018-12-18T09:23:49;1.9;39.0;58.0
2018-12-18T10:23:49;1.9;39.5;59.0
2018-12-18T11:23:49;1.9;39.5;59.0
2018-12-18T12:23:49;1.9;40.0;59.0
2018-12-18T13:23:49;2.0;40.0;59.0
2018-12-18T14:23:49;2.1;39.5;59.0
2018-12-18T15:23:49;2.1;39.0;59.0
2018-12-18T16:23:49;2.0;38.5;59.0
2018-12-18T17:23:49;2.1;37.5;59.0
2018-12-18T18:23:49;2.1;37.5;59.0
2018-12-18T19:23:49;1.9;37.0;59.0
2018-12-18T20:23:49;1.9;36.0;59.0
2018-12-18T21:23:49;1.8;35.0;58.0
2018-12-18T22:23:49;1.7;34.5;58.0
2018-12-18T23:23:49;1.8;35.0;59.0
2018-12-19T00:23:49;2.1;34.5;58.0
2018-12-19T01:23:49;2.1;35.5;58.0
2018-12-19T02:23:49;2.2;36.0;59.0
2018-12-19T03:23:49;2.2;35.5;58.0
2018-12-19T04:23:49;2.2;36.0;59.0
2018-12-19T05:23:49;2.0;36.5;59.0
2018-12-19T06:23:49;2.1;36.5;59.0
2018-12-19T07:23:49;2.2;36.0;59.0
2018-12-19T08:23:49;2.1;35.0;58.0
2018-12-19T09:23:49;2.1;35.0;59.0
2018-12-19T10:23:49;1.9;35.0;59.0
2018-12-19T11:23:49;1.9;35.0;59.0
2018-12-19T12:23:49;1.9;34.5;59.0
2018-12-19T13:23:49;1.8;34.0;59.0
2018-12-19T14:23:49;1.8;34.5;59.0
2018-12-19T15:23:49;1.6;34.5;59.0
2018-12-19T16:23:49;1.5;34.5;60.0
2018-12-19T17:23:49;1.4;33.5;59.0
2018-12-19T18:23:49;1.3;32.0;58.0
2018-12-19T19:23:49;1.4;30.5;58.0
2018-12-19T20:23:49;1.5;30.0;59.0
2018-12-19T21:23:49;1.4;29.5;58.0
2018-12-19T22:23:49;1.5;28.5;58.0
2018-12-19T23:23:49;1.5;29.5;59.0
2018-12-20T00:23:49;1.4;30.5;59.0
2018-12-20T01:23:49;1.4;31.5;59.0
2018-12-20T02:23:49;1.3;31.5;59.0
2018-12-20T03:23:49;1.1;32.0;59.0
2018-12-20T04:23:49;1.1;32.5;59.0
2018-12-20T05:23:49;1.0;32.5;59.0
2018-12-20T06:23:49;0.9;31.0;59.0
2018-12-20T07:23:49;1.0;30.0;59.0
2018-12-20T08:23:49;1.0;29.5;58.0
2018-12-20T09:23:49;1.0;30.5;59.0
2018-12-20T10:23:49;1.0;31.5;59.0
2018-12-20T11:23:49;0.9;31.5;59.0
2018-12-20T12:23:49;0.8;31.5;59.0
2018-12-20T13:23:49;0.8;31.0;59.0
2018-12-20T14:23:49;0.8;31.0;59.0
2018-12-20T15:23:49;0.8;31.0;60.0
2018-12-20T16:23:49;0.8;31.0;61.0
2018-12-20T17:23:49;0.9;32.0;61.0
2018-12-20T18:23:49;0.9;31.0;60.0
2018-12-20T19:23:49;0.8;30.0;59.0
2018-12-20T20:23:49;0.9;30.5;59.0
2018-12-20T21:23:49;0.9;31.0;59.0
2018-12-20T22:23:49;0.8;31.0;59.0
2018-12-20T23:23:49;0.9;31.5;59.0
2018-12-21T00:23:49;0.9;32.0;59.0
2018-12-21T01:23:49;0.9;33.0;59.0
2018-12-21T02:23:49;1.1;33.0;59.0
2018-12-21T03:23:49;1.1;33.0;59.0
2018-12-21T04:23:49;1.1;33.0;59.0
2018-12-21T05:23:49;1.1;32.5;59.0
2018-12-21T06:23:49;1.1;32.0;59.0
2018-12-21T07:23:49;1.1;32.0;59.0
2018-12-21T08:23:49;1.0;32.0;59.0
2018-12-21T09:23:49;2.1;32.0;59.0
2018-12-21T10:23:49;2.1;31.5;59.0
2018-12-21T11:23:49;2.2;31.5;59.0
2018-12-21T12:23:49;2.4;31.0;59.0
2018-12-21T13:22:47;1.3;31.0;59.0
2018-12-21T14:22:47;1.3;31.0;59.0
2018-12-21T15:22:47;1.4;30.5;60.0
2018-12-21T16:22:47;1.7;31.5;60.0
2018-12-21T17:22:47;1.8;32.0;60.0
2018-12-21T18:22:47;1.9;31.5;60.0
2018-12-21T19:22:47;2.1;31.0;59.0
2018-12-21T20:22:47;2.0;31.0;59.0
2018-12-21T21:22:47;2.2;31.0;58.0
2018-12-21T22:22:47;2.3;31.0;58.0
2018-12-21T23:22:47;2.3;32.5;59.0
2018-12-22T00:22:47;2.3;33.5;59.0
2018-12-22T01:22:47;2.1;33.5;59.0
2018-12-22T02:22:47;2.1;34.0;59.0
2018-12-22T03:22:47;2.1;33.5;59.0
2018-12-22T04:22:47;2.1;34.0;59.0
2018-12-22T05:22:47;2.1;34.0;59.0
2018-12-22T06:22:47;2.1;34.0;59.0
2018-12-22T07:22:47;2.1;34.5;59.0
2018-12-22T08:22:47;2.3;34.5;59.0
2018-12-22T09:22:47;2.3;34.5;59.0
2018-12-22T10:22:47;2.3;34.0;59.0
2018-12-22T11:22:47;2.2;33.5;59.0
2018-12-22T12:22:47;2.3;33.0;59.0
2018-12-22T13:22:47;2.1;33.0;59.0
2018-12-22T14:22:47;2.2;33.0;60.0
2018-12-22T15:22:47;2.2;32.0;59.0
2018-12-22T16:22:47;2.0;32.5;59.0
2018-12-22T17:22:47;1.9;32.5;60.0
2018-12-22T18:22:47;1.8;33.0;60.0
2018-12-22T19:22:47;1.8;33.0;59.0
2018-12-22T20:22:47;1.9;32.5;59.0
2018-12-22T21:22:47;1.7;32.0;59.0
2018-12-22T22:22:47;1.8;31.5;59.0
2018-12-22T23:22:47;1.7;30.5;59.0
2018-12-23T00:22:47;1.6;31.0;59.0
2018-12-23T01:22:47;1.7;30.5;58.0
2018-12-23T02:22:47;1.8;29.5;59.0
2018-12-23T03:22:47;1.8;30.5;59.0
2018-12-23T04:22:47;1.7;31.5;59.0
2018-12-23T05:22:47;1.6;31.5;60.0
2018-12-23T06:22:47;1.6;29.5;59.0
2018-12-23T07:22:47;1.5;29.5;59.0
2018-12-23T08:22:47;1.3;29.5;59.0
2018-12-23T09:22:47;2.5;29.5;59.0
2018-12-23T10:22:47;2.4;29.5;59.0
2018-12-23T11:22:47;2.4;29.5;59.0
2018-12-23T12:22:47;2.2;29.0;59.0
2018-12-23T13:22:47;2.2;29.0;59.0
2018-12-23T14:22:47;2.2;28.5;59.0
2018-12-23T15:22:47;2.2;28.0;59.0
2018-12-23T16:22:47;2.1;27.5;60.0
2018-12-23T17:22:47;2.1;27.0;60.0
2018-12-23T18:22:47;2.2;26.5;59.0
2018-12-23T19:22:47;2.1;26.0;59.0
2018-12-23T20:22:47;1.9;25.0;59.0
2018-12-23T21:22:47;1.9;24.5;58.0
2018-12-23T22:22:47;1.8;24.5;58.0
2018-12-23T23:22:47;1.7;24.0;58.0
2018-12-24T00:22:47;1.6;24.0;58.0
2018-12-24T01:22:47;0.7;24.0;58.0
2018-12-24T02:22:47;0.8;24.0;58.0
2018-12-24T03:22:47;0.9;23.5;57.0
2018-12-24T04:22:47;1.0;23.5;57.0
2018-12-24T05:22:47;1.1;23.5;57.0
2018-12-24T06:22:47;1.1;23.5;57.0
2018-12-24T07:22:47;1.2;23.0;57.0
2018-12-24T08:22:47;1.4;23.0;56.0
2018-12-24T09:22:47;1.7;22.5;56.0
2018-12-24T10:22:47;1.9;22.5;56.0
2018-12-24T11:22:47;2.3;22.5;56.0
2018-12-24T12:22:47;2.6;22.5;56.0
2018-12-24T13:22:47;2.8;22.0;56.0
2018-12-24T14:22:47;3.0;22.0;56.0
2018-12-24T15:22:47;3.1;22.0;56.0
2018-12-24T16:22:47;3.3;22.0;55.0
2018-12-24T17:22:47;3.4;22.0;55.0
2018-12-24T18:22:47;3.4;22.0;55.0
2018-12-24T19:22:47;3.6;22.5;55.0
2018-12-24T20:22:47;4.0;23.0;55.0
2018-12-24T21:22:47;4.1;23.5;55.0
2018-12-24T22:22:47;4.1;24.0;55.0
2018-12-24T23:22:47;4.3;24.5;55.0
2018-12-25T00:22:47;4.4;25.0;55.0
2018-12-25T01:22:47;4.5;25.0;55.0
2018-12-25T02:22:47;4.4;25.5;55.0
2018-12-25T03:22:47;4.4;25.5;55.0
2018-12-25T04:22:47;4.4;26.0;55.0
2018-12-25T05:22:47;4.5;26.0;55.0
2018-12-25T06:22:47;4.6;26.5;55.0
2018-12-25T07:22:47;4.7;26.0;55.0
2018-12-25T08:22:47;4.6;26.0;55.0
2018-12-25T09:22:47;4.5;26.0;55.0
2018-12-25T10:22:47;4.7;25.5;55.0
2018-12-25T11:22:47;4.6;25.5;55.0
2018-12-25T12:22:47;4.6;25.5;55.0
2018-12-25T13:22:47;4.6;25.5;55.0
2018-12-25T14:22:47;4.6;25.5;54.0
2018-12-25T15:22:47;4.7;25.0;54.0
2018-12-25T16:22:47;4.9;25.0;54.0
2018-12-25T17:22:47;4.9;25.0;54.0
2018-12-25T18:22:47;5.0;25.0;54.0
2018-12-25T19:22:47;5.0;25.0;54.0
2018-12-25T20:22:47;4.9;25.5;54.0
2018-12-25T21:22:47;4.8;25.5;54.0
2018-12-25T22:22:47;4.8;26.0;54.0
2018-12-25T23:22:47;4.7;26.0;54.0
2018-12-26T00:22:47;4.7;26.5;54.0
2018-12-26T01:22:47;4.5;26.5;54.0
2018-12-26T02:22:47;4.5;27.0;54.0
2018-12-26T03:22:47;4.5;27.0;54.0
2018-12-26T04:22:47;4.4;27.0;54.0
2018-12-26T05:22:47;4.5;27.0;54.0
2018-12-26T06:22:47;4.5;27.5;54.0
2018-12-26T07:22:47;4.4;27.5;54.0
2018-12-26T08:22:47;4.4;27.5;54.0
2018-12-26T09:22:47;4.4;27.5;54.0
2018-12-26T10:22:47;4.2;28.0;54.0
2018-12-26T11:22:47;4.4;27.5;54.0
2018-12-26T12:22:47;4.5;27.5;54.0
2018-12-26T13:22:47;4.4;27.5;54.0
2018-12-26T14:22:47;4.7;28.0;54.0
2018-12-26T15:22:47;5.2;29.0;54.0
2018-12-26T16:22:47;5.2;30.0;54.0
2018-12-26T17:22:47;5.2;31.0;54.0
2018-12-26T18:22:47;5.1;32.0;54.0
2018-12-26T19:22:47;4.9;33.0;54.0
2018-12-26T20:22:47;5.0;33.5;54.0
2018-12-26T21:22:47;5.0;34.0;54.0
2018-12-26T22:22:47;5.1;34.5;54.0
2018-12-26T23:22:47;5.3;34.5;54.0
2018-12-27T00:22:47;5.4;33.5;55.0
2018-12-27T01:22:47;5.4;34.0;55.0
2018-12-27T02:22:47;5.4;34.5;55.0
2018-12-27T03:22:47;5.4;35.0;54.0
2018-12-27T04:22:47;5.4;35.0;54.0
2018-12-27T05:22:47;5.1;34.0;54.0
2018-12-27T06:22:47;5.1;33.5;54.0
2018-12-27T07:22:47;5.1;33.0;54.0
2018-12-27T08:22:47;5.1;32.5;55.0
2018-12-27T09:22:47;5.1;32.5;56.0
2018-12-27T10:22:47;4.8;33.5;56.0
2018-12-27T11:22:47;4.3;34.0;57.0
2018-12-27T12:22:47;4.0;34.5;57.0
2018-12-27T13:22:47;3.9;34.5;57.0
2018-12-27T14:22:47;3.7;34.5;57.0
2018-12-27T15:22:47;3.2;34.5;57.0
2018-12-27T16:22:47;2.9;34.0;58.0
2018-12-27T17:22:47;2.6;34.0;58.0
2018-12-27T18:22:47;2.6;34.0;58.0
2018-12-27T19:22:47;2.5;34.0;57.0
2018-12-27T20:22:47;2.2;33.0;56.0
2018-12-27T21:22:47;2.2;33.0;56.0
2018-12-27T22:22:47;2.1;32.5;56.0
2018-12-27T23:22:47;2.2;33.0;56.0
2018-12-28T00:22:47;2.2;35.0;57.0
2018-12-28T01:22:47;2.3;36.0;58.0
2018-12-28T02:22:47;2.2;37.5;57.0
2018-12-28T03:22:47;2.0;38.5;57.0
2018-12-28T04:22:47;2.0;39.0;57.0
2018-12-28T05:22:47;2.0;39.0;57.0
2018-12-28T06:22:47;1.8;38.5;56.0
2018-12-28T07:22:47;1.7;38.5;56.0
2018-12-28T08:22:47;1.6;38.5;56.0
2018-12-28T09:22:47;1.8;36.5;56.0
2018-12-28T10:22:47;1.9;35.0;56.0
2018-12-28T11:22:47;1.9;33.0;56.0
2018-12-28T12:22:47;1.8;31.5;56.0
2018-12-28T13:22:47;1.7;31.0;56.0
2018-12-28T14:22:47;1.6;30.0;56.0
2018-12-28T15:22:47;1.6;29.5;56.0
2018-12-28T16:22:47;1.6;29.0;57.0
2018-12-28T17:22:47;1.6;28.5;57.0
2018-12-28T18:22:47;1.6;28.5;57.0
2018-12-28T19:22:47;1.6;27.0;56.0
2018-12-28T20:22:47;1.6;26.0;55.0
2018-12-28T21:22:47;1.8;24.5;48.0
2018-12-28T22:22:47;1.6;28.5;50.0
2018-12-28T23:22:47;1.4;29.5;55.0
2018-12-29T00:22:47;1.3;29.5;57.0
2018-12-29T01:22:47;1.1;29.0;57.0
2018-12-29T02:22:47;1.1;29.0;57.0
2018-12-29T03:22:47;1.1;29.0;57.0
2018-12-29T04:22:47;1.1;29.5;58.0
2018-12-29T05:22:47;1.1;29.5;58.0
2018-12-29T06:22:47;1.2;29.5;58.0
2018-12-29T07:22:47;1.2;29.5;58.0
2018-12-29T08:22:47;1.2;29.0;58.0
2018-12-29T09:22:47;1.0;29.0;58.0
2018-12-29T10:22:47;1.0;28.5;58.0
2018-12-29T11:22:47;1.0;28.0;58.0
2018-12-29T12:22:47;0.9;27.5;58.0
2018-12-29T13:22:47;1.1;27.5;58.0
2018-12-29T14:22:47;1.1;27.0;58.0
2018-12-29T15:22:47;1.1;26.0;58.0
2018-12-29T16:22:47;1.1;26.5;58.0
2018-12-29T17:22:47;1.1;27.0;59.0
2018-12-29T18:22:47;1.1;27.0;59.0
2018-12-29T19:22:47;1.0;27.0;58.0
2018-12-29T20:22:47;1.1;27.0;58.0
2018-12-29T21:22:47;1.0;27.5;57.0
2018-12-29T22:22:47;1.0;28.0;57.0
2018-12-29T23:22:47;1.0;28.5;57.0
2018-12-30T00:22:47;2.0;29.0;57.0
2018-12-30T01:22:47;1.2;29.5;58.0
2018-12-30T02:22:47;1.4;29.5;58.0
2018-12-30T03:22:47;1.5;29.5;58.0
2018-12-30T04:22:47;1.6;29.5;58.0
2018-12-30T05:22:47;1.9;29.5;58.0
2018-12-30T06:22:47;1.9;29.5;58.0
2018-12-30T07:22:47;1.9;29.5;58.0
2018-12-30T08:22:47;2.0;29.5;58.0
2018-12-30T09:22:47;2.2;29.5;58.0
2018-12-30T10:22:47;2.2;29.0;58.0
2018-12-30T11:22:47;2.3;29.0;58.0
2018-12-30T12:22:47;2.5;29.0;58.0
2018-12-30T13:22:47;2.4;28.5;58.0
2018-12-30T14:22:47;2.5;28.0;58.0
2018-12-30T15:22:47;2.5;28.0;58.0
2018-12-30T16:22:47;2.8;28.5;59.0
2018-12-30T17:22:47;2.8;29.5;59.0
2018-12-30T18:22:47;2.9;29.0;59.0
2018-12-30T19:22:47;3.1;28.0;58.0
2018-12-30T20:22:47;3.0;28.0;57.0
2018-12-30T21:22:47;3.1;28.0;57.0
2018-12-30T22:22:47;3.3;28.0;56.0
2018-12-30T23:22:47;3.4;28.5;56.0
2018-12-31T00:22:47;3.5;29.0;56.0
2018-12-31T01:22:47;3.5;29.0;56.0
2018-12-31T02:22:47;3.3;29.5;56.0
2018-12-31T03:22:47;3.1;29.0;56.0
2018-12-31T04:22:47;3.2;29.5;56.0
2018-12-31T05:22:47;3.0;29.5;56.0
2018-12-31T06:22:47;3.2;29.0;56.0
2018-12-31T07:22:47;3.4;30.0;56.0
2018-12-31T08:22:47;3.4;30.0;56.0
2018-12-31T09:22:47;3.6;30.5;56.0
2018-12-31T10:22:47;3.6;30.0;56.0
2018-12-31T11:22:47;3.6;30.5;56.0
2018-12-31T12:22:47;3.6;30.0;56.0
2018-12-31T13:22:47;3.7;30.0;56.0
2018-12-31T14:22:47;3.9;30.0;56.0
2018-12-31T15:22:47;4.2;29.5;56.0
2018-12-31T16:22:47;4.2;29.0;56.0
2018-12-31T17:22:47;4.3;28.5;56.0
2018-12-31T18:22:47;4.2;28.5;56.0
2018-12-31T19:22:47;4.2;28.5;55.0
2018-12-31T20:22:47;4.3;29.0;55.0
2018-12-31T21:22:47;4.3;29.5;55.0
2018-12-31T22:22:47;4.2;30.5;55.0
2018-12-31T23:22:47;4.1;31.0;55.0
2019-01-01T00:22:47;4.1;32.5;55.0
2019-01-01T01:22:47;4.0;33.5;56.0
2019-01-01T02:22:47;4.1;34.0;56.0
2019-01-01T03:22:47;4.3;34.5;56.0
2019-01-01T04:22:47;4.2;34.5;55.0
2019-01-01T05:22:47;4.1;35.0;56.0
2019-01-01T06:22:47;3.9;35.0;56.0
2019-01-01T07:22:47;3.7;34.5;56.0
2019-01-01T08:22:47;3.7;32.0;55.0
2019-01-01T09:22:47;3.4;30.5;55.0
2019-01-01T10:22:47;3.3;29.5;55.0
2019-01-01T11:22:47;3.4;29.0;55.0
2019-01-01T12:22:47;3.4;28.5;55.0
2019-01-01T13:22:47;3.2;28.5;55.0
2019-01-01T14:22:47;3.1;28.0;55.0
2019-01-01T15:22:47;2.8;28.0;55.0
2019-01-01T16:22:47;2.5;28.0;56.0
2019-01-01T17:22:47;2.3;28.5;56.0
2019-01-01T18:22:47;2.3;29.5;56.0
2019-01-01T19:22:47;2.1;30.5;56.0
2019-01-01T20:22:47;1.9;31.0;56.0
2019-01-01T21:22:47;1.9;31.5;55.0
2019-01-01T22:22:47;1.9;32.0;56.0
2019-01-01T23:22:47;1.9;31.0;55.0
2019-01-02T00:22:47;1.8;30.0;54.0
2019-01-02T01:22:47;1.6;29.5;54.0
2019-01-02T02:22:47;1.6;31.0;55.0
2019-01-02T03:22:47;1.4;31.0;55.0
2019-01-02T04:22:47;1.6;29.5;54.0
2019-01-02T05:22:47;1.7;30.5;55.0
2019-01-02T06:22:47;1.9;30.0;55.0
2019-01-02T07:22:47;2.0;30.0;55.0
2019-01-02T08:22:47;2.0;30.0;55.0
2019-01-02T09:22:47;2.0;30.0;55.0
2019-01-02T10:22:47;2.0;30.0;55.0
2019-01-02T11:22:47;1.8;30.0;55.0
2019-01-02T12:22:47;1.8;29.5;55.0
2019-01-02T13:22:47;1.7;29.5;55.0
2019-01-02T14:21:44;1.7;29.5;55.0
2019-01-02T15:21:44;1.8;29.5;55.0
2019-01-02T16:21:44;1.8;29.5;55.0
2019-01-02T17:21:44;1.9;31.0;56.0
2019-01-02T18:21:44;1.9;29.5;56.0
2019-01-02T19:21:44;1.8;32.0;55.0
2019-01-02T20:21:44;2.1;38.0;55.0
2019-01-02T21:21:44;2.1;37.0;54.0
2019-01-02T22:21:44;2.2;36.5;55.0
2019-01-02T23:21:44;2.2;38.5;56.0
2019-01-03T00:21:44;2.3;39.5;56.0
2019-01-03T01:21:44;2.4;39.5;56.0
2019-01-03T02:21:44;2.3;38.5;56.0
2019-01-03T03:21:44;2.5;38.0;55.0
2019-01-03T04:21:44;2.2;37.0;55.0
2019-01-03T05:21:44;2.0;34.5;55.0
2019-01-03T06:21:44;1.8;34.0;55.0
2019-01-03T07:21:44;1.6;35.0;55.0
2019-01-03T08:21:44;1.5;35.0;55.0
2019-01-03T09:21:44;1.4;34.0;55.0
2019-01-03T10:21:44;1.5;33.5;55.0
2019-01-03T11:21:44;1.5;32.5;55.0
2019-01-03T12:21:44;1.5;32.0;55.0
2019-01-03T13:21:44;1.6;31.5;55.0
2019-01-03T14:21:44;1.5;30.5;55.0
2019-01-03T15:21:44;1.7;30.5;55.0
2019-01-03T16:21:44;1.8;32.0;56.0
2019-01-03T17:21:44;1.8;31.0;55.0
2019-01-03T18:21:44;1.8;32.0;55.0
2019-01-03T19:21:44;1.9;31.5;55.0
2019-01-03T20:21:44;1.8;31.0;54.0
2019-01-03T21:21:44;1.7;30.5;54.0
2019-01-03T22:21:44;1.6;30.5;54.0
2019-01-03T23:21:44;1.7;30.5;54.0
2019-01-04T00:21:44;1.6;31.5;54.0
2019-01-04T01:21:44;1.6;32.0;54.0
2019-01-04T02:21:44;1.8;32.0;54.0
2019-01-04T03:21:44;1.7;32.0;54.0
2019-01-04T04:21:44;1.8;32.0;55.0
2019-01-04T05:21:44;1.9;31.0;54.0
2019-01-04T06:21:44;1.9;30.5;54.0
2019-01-04T07:21:44;2.1;32.0;54.0
2019-01-04T08:21:44;2.1;32.0;54.0
2019-01-04T09:21:44;2.1;32.0;55.0
2019-01-04T10:21:44;2.1;32.0;55.0
2019-01-04T11:21:44;2.1;31.5;55.0
2019-01-04T12:21:44;2.1;31.0;55.0
2019-01-04T13:21:44;2.1;31.0;55.0
2019-01-04T14:21:44;2.2;31.0;55.0
2019-01-04T15:21:44;2.2;30.0;55.0
2019-01-04T16:21:44;2.3;30.0;55.0
2019-01-04T17:21:44;2.5;31.0;56.0
2019-01-04T18:21:44;2.7;33.5;57.0
2019-01-04T19:21:44;2.7;34.5;58.0
2019-01-04T20:21:44;2.8;34.0;57.0
2019-01-04T21:21:44;2.8;33.0;55.0
2019-01-04T22:21:44;2.6;32.0;55.0
2019-01-04T23:21:44;2.5;31.5;54.0
2019-01-05T00:21:44;2.6;31.0;54.0
2019-01-05T01:21:44;2.5;30.5;54.0
2019-01-05T02:21:44;2.6;32.0;54.0
2019-01-05T03:21:44;2.6;33.0;54.0
2019-01-05T04:21:44;2.7;33.5;55.0
2019-01-05T05:21:44;2.6;33.0;55.0
2019-01-05T06:21:44;2.6;33.0;54.0
2019-01-05T07:21:44;2.7;33.5;55.0
2019-01-05T08:21:44;2.7;34.0;55.0
2019-01-05T09:21:44;2.9;34.0;55.0
2019-01-05T10:21:44;3.0;33.5;55.0
2019-01-05T11:21:44;3.1;33.5;55.0
2019-01-05T12:21:44;3.1;33.0;55.0
2019-01-05T13:21:44;3.1;33.0;55.0
